Modifications,author_id,first_name,last_name,ar,wg,chapter,role,institution,country
,3,H.,Abdel Nour,1,1,10,LA,Forest National Corporation,Sudan
,9,J.,Aber,1,1,10,LA,University of New Hampshire,USA
,12,I.,Abrol,1,3,6,CLA,N/A,India
,20,B.,Acock,1,2,2,CA,N/A,USA
,3587,T.,Agnew,1,2,6,CA,N/A,N/A
,60,V.,Alexander,1,1,10,LA,University of Alaska,USA
,90,J.,Anderson,1,1,10,LA,Hatherly Laboratories,United Kingdom
,93,Mitsuru,Ando,1,2,5,LA,National Institute for Environmental Studies,Japan
,95,M.,Andreae,1,1,1,LA,Max-Planck Institute for Chemistry,Germany
,100,J.K.,Angell,1,1,7,LA,National Oceanographic and Atmospheric Administration (NOAA),USA
,102,Oleg A.,Anisimov,1,2,7,CA,State Hydrological Institute,Russian Federation
,112,A.J.,Apling,1,1,2,LA,Global Atmosphere Division,United Kingdom
,122,Phillip A.,Arkin,1,1,4,LA,National Oceanographic and Atmospheric Administration (NOAA),USA
,122,Phillip A.,Arkin,1,1,7,LA,National Oceanographic and Atmospheric Administration (NOAA),USA
,147,D.,Attard,1,3,11,CLA,N/A,Malta
,149,A.,Auclair,1,1,10,LA,Quebec,Canada
,3551,M.,Ayers,1,2,4,CA,N/A,N/A
,164,Alphonsus,Baede,1,1,4,LA,Royal Netherlands Meteorological Institute (KNMI),The Netherlands
,164,Alphonsus,Baede,1,1,5,LA,Royal Netherlands Meteorological Institute (KNMI),The Netherlands
,3611,H.,Baker,1,2,7,CA,N/A,Canada
,175,R.,Ball,1,2,5,LA,N/A,USA
,186,M.,Bardecki,1,2,3,CLA,N/A,Canada
,190,T.P.,Barnett,1,1,8,CLA,University of California,USA
,3621,D.M.,Barnett,1,2,7,CA,N/A,Canada
,202,Roger G.,Barry,1,1,7,LA,University of Colorado,USA
,217,F.,Bazzaz,1,1,10,LA,Harvard University,USA
,220,P.,Beaumont,1,1,9,LA,St David's University College,United Kingdom
,224,R.,Beetham,1,3,11,CLA,N/A,United Kingdom
,226,TL,Bell,1,1,8,LA,National Aeronautics and Space Administration (NASA),USA
,230,L.,Bengtsson,1,1,4,LA,European Centre for Medium-Range Weather Forecasts (ECMWF),United Kingdom
,238,M.,Beran,1,2,2,CA,N/A,United Kingdom
,238,M.,Beran,1,2,4,CA,N/A,United Kingdom
,239,AndrÃ©,Berger,1,1,4,LA,UniversitÃ© Catholique de Louvain,Belgium
,239,AndrÃ©,Berger,1,1,5,LA,UniversitÃ© Catholique de Louvain,Belgium
,3588,M.,Berry,1,2,6,CA,N/A,N/A
,272,J.P.,Blanchet,1,1,2,LA,Environment Canada,Canada
,277,C.,Blondin,1,1,4,LA,Direction de la Meteorologie Nationale,France
,278,P.,Bloomfield,1,1,8,LA,North Carolina State University,USA
,279,D.,Bnlhnger,1,1,8,LA,University of California,USA
,283,George J.,Boer,1,1,4,LA,Environment Canada,Canada
,283,George J.,Boer,1,1,5,LA,Environment Canada,Canada
,290,Michel,Boko,1,2,2,CA,National University of Benin,Benin
,296,D.,Bond,1,2,2,CA,N/A,Canada
,319,H.,Boyd,1,2,3,CLA,N/A,Canada
,324,Raymond S.,Bradley,1,1,7,LA,University of Massachusetts,USA
,328,R.J.,Braithwaite,1,1,9,LA,Geological Survey of Greenland,Denmark
,339,F.P.,Bretherton,1,1,3,LA,University of Wisconsin,USA
,339,F.P.,Bretherton,1,1,6,CLA,University of Wisconsin,USA
,342,A.,Breymcyer,1,1,10,LA,Institute of Geography and Spatial Organization,Poland
,370,K.,Browning,1,1,11,LA,Met Office,United Kingdom
,3614,M.,Brugman,1,2,7,CA,N/A,Canada
,379,K.,Bryan,1,1,4,LA,National Oceanographic and Atmospheric Administration (NOAA),USA
,379,K.,Bryan,1,1,6,CLA,National Oceanographic and Atmospheric Administration (NOAA),USA
,384,M.,Budyko,1,1,5,LA,State Hydrological Institute,USSR
,391,F.,Bultot,1,2,4,CA,Royal Meteorological Institute,Belgium
,404,E.,Byutner,1,1,12,CA,Main Geophysical Observatory,USSR
,405,D.L.,Cadet,1,1,7,LA,Institut National des Sciences de l'Univers,France
1,,T.V.,Callaghan,1,1,10,CLA,Institute of Terrestrial Ecology,United Kingdom
1,,T.V.,Callaghan,1,2,3,CA,Institute of Terrestrial Ecology,United Kingdom
,435,V.,Canuto,1,1,5,LA,National Aeronautics and Space Administration (NASA),USA
,437,H-X.,Cao,1,1,5,LA,State Meteorological Administration,China
,454,H.,Cattle,1,1,3,LA,Met Office,United Kingdom
,462,R.D.,Cess,1,1,3,CLA,State University of New York,USA
,481,R.,Charlson,1,1,1,LA,University of Washington,USA
,481,R.,Charlson,1,1,2,LA,University of Washington,USA
,483,M.,Chelliah,1,1,7,LA,National Oceanographic and Atmospheric Administration (NOAA),USA
,3562,P.,Cheng,1,2,5,CA,N/A,N/A
,3589,S.,Chernyak,1,2,6,CA,N/A,N/A
,513,R.,Cicerone,1,1,1,LA,University of California,USA
,3613,C.M.,Clapperton,1,2,7,CA,N/A,United Kingdom
,524,A.,Clarke,1,1,10,LA,British Antarctic Survey,United Kingdom
,532,J.,Coakley,1,1,1,LA,Oregon State University,USA
,3563,J.,Connell,1,2,5,CA,N/A,N/A
,571,Michael J.,Coughlan,1,1,7,LA,Bureau of Meteorology,Australia
,586,D.,Crommelynck,1,1,2,LA,Royal Meteorological Institute,Belgium
,593,Ulrich,Cubasch,1,1,3,CLA,Max-Planck Institute for Meteorology,Germany
,600,Luis Veiga,da Cunha,1,2,4,CA,Universidade Nova de Lisboa,Portugal
,603,B.,Dahlstrom,1,1,7,LA,Swedish Meteorological and Hydrological Institute,Sweden
,628,R.S.,De Groot,1,2,3,CA,N/A,The Netherlands
,644,W.,Degefu,1,1,8,LA,National Meteorological Services Agency,Ethiopia
,644,W.,Degefu,1,2,2,CA,National Meteorological Services Agency,Ethiopia
,3552,G.,DemarÃ©e,1,2,4,CA,N/A,N/A
,663,R.G.,Derwent,1,1,1,LA,Harwell Laboratory,United Kingdom
,663,R.G.,Derwent,1,1,2,CLA,Harwell Laboratory,United Kingdom
,663,R.G.,Derwent,1,1,12,LA,Harwell Laboratory,United Kingdom
,678,H.F.,Diaz,1,1,7,LA,National Oceanographic and Atmospheric Administration (NOAA),USA
,684,Robert E.,Dickinson,1,1,4,LA,National Center for Atmospheric Research (NCAR),USA
,684,Robert E.,Dickinson,1,1,5,LA,National Center for Atmospheric Research (NCAR),USA
,3567,P.,Donat-Hader,1,2,5,CA,N/A,N/A
,722,D.J.,Drewry,1,1,9,LA,British Antarctic Survey,United Kingdom
0,738,P.N.,Duinker,1,2,2,CA,N/A,Canada
0,750,Ye,Duzheng,1,1,8,LA,Chinese Academy of Sciences,China
,775,James W.,Elkins,1,1,1,LA,National Oceanographic and Atmospheric Administration (NOAA),USA
,779,H.,Ellsaesser,1,1,5,LA,Lawrence Livermore National Laboratory,USA
,788,Ian G.,Enting,1,1,12,CA,Commonwealth Scientific and Industrial Research Organization (CSIRO),Australia
,796,David,Etkin,1,2,6,CA,Environment Canada,Canada
,796,David,Etkin,1,2,7,CA,Environment Canada,Canada
,797,G.,Evans,1,3,7,CLA,N/A,USA
,811,T.,Farago,1,2,2,CA,N/A,Hungary
,821,F.,Fehsenfeld,1,1,1,LA,National Oceanographic and Atmospheric Administration (NOAA),USA
,829,Christopher B.,Field,1,1,10,LA,Stanford University,USA
,830,B.F.,Findlay,1,2,3,CA,Environment Canada,Canada
,844,B. Blair,Fitzharris,1,2,7,CA,University of Otago,New Zealand
,853,H.,Flohn,1,1,7,LA,Meteorologisches Institut,Germany
,858,Christopher K.,Folland,1,1,7,CLA,Met Office,United Kingdom
1,858,Christopher K.,Folland,1,1,8,LA,Met Office,United Kingdom
,3553,B.,Foxworthy,1,2,4,CA,N/A,N/A
,876,Paul,Fraser,1,1,1,LA,Commonwealth Scientific and Industrial Research Organization (CSIRO),Australia
,885,B.,Frenzel,1,2,3,CA,N/A,Germany
,899,Congbin,Fu,1,1,7,LA,Chinese Academy of Sciences,China
,914,S.,Gadgil,1,1,8,LA,Indian Institute of Science,India
,922,R.,Gammon,1,1,1,LA,University of Washington,USA
,937,W.L.,Gates,1,1,4,CLA,Lawrence Livermore National Laboratory,USA
,3607,M.,Gavrilova,1,2,7,CA,N/A,USSR
,3568,K.,Gertis,1,2,5,CA,N/A,N/A
,964,R.,Gifford,1,1,10,LA,Commonwealth Scientific and Industrial Research Organization (CSIRO),Australia
,966,J.,Gilbert,1,3,5,CLA,N/A,New Zealand
,966,J.,Gilbert,1,3,9,CLA,N/A,New Zealand
,979,Michael H.,Glantz,1,2,6,CA,National Center for Atmospheric Research (NCAR),USA
,981,B.V.,Glebov,1,2,6,CA,Russian Federation Academy of Sciences,Russian Federation
,987,G.S.,Gohtsyn,1,1,8,LA,Institute of Atmospheric Physics,USSR
,1002,Vivien,Gornitz,1,1,9,LA,Columbia University,USA
,1006,J,Goudrian,1,1,10,LA,Wageningen University,The Netherlands
,1006,J,Goudrian,1,1,12,CA,Wageningen University,The Netherlands
,3577,L.D.,Grant,1,2,5,CA,N/A,N/A
,1017,H.,Grassl,1,1,1,LA,Max-Planck Institute for Meteorology,Germany
,1017,H.,Grassl,1,1,2,LA,Max-Planck Institute for Meteorology,Germany
,3612,N.A.,Grave,1,2,7,CA,N/A,USSR
,1030,C.,Griffiths,1,2,3,CA,N/A,Australia
,1030,C.,Griffiths,1,2,4,CA,N/A,Australia
,1030,C.,Griffiths,1,2,6,CA,N/A,Australia
,1032,J.P.,Grime,1,1,10,LA,University of Sheffield,United Kingdom
1,,P. Ya,Groisman,1,1,7,LA,State Hydrological Institute,USSR
,1037,S.,Grotch,1,1,4,LA,Lawrence Livermore National Laboratory,USA
,1037,S.,Grotch,1,1,5,LA,Lawrence Livermore National Laboratory,USA
,1038,J.M.,Grove,1,1,9,LA,University of Cambridge,United Kingdom
,1040,A,Gruber,1,1,7,LA,National Oceanographic and Atmospheric Administration (NOAA),USA
,3579,D.,Guinnup,1,2,5,CA,N/A,N/A
,3605,Cheng,Guodong,1,2,7,CA,N/A,China
,1070,R.J.,Haarsma,1,1,5,LA,Royal Netherlands Meteorological Institute (KNMI),The Netherlands
,1075,Wilfreid,Haeberli,1,1,9,LA,ETH Zurich,Switzerland
,1082,J.,Hales,1,2,2,CA,N/A,Australia
,3554,K.,Hanaki,1,2,4,CA,N/A,N/A
,1101,James E.,Hansen,1,1,6,LA,National Aeronautics and Space Administration (NASA),USA
,1101,James E.,Hansen,1,1,8,LA,National Aeronautics and Space Administration (NASA),USA
,3618,R.,Hansson,1,2,7,CA,N/A,Norway
,1107,K.,Haraguchi,1,3,8,CLA,N/A,Japan
,1120,R.,Harriss,1,1,1,LA,University of New Hampshire,USA
,1120,R.,Harriss,1,1,10,LA,University of New Hampshire,USA
,1123,Danny,Harvey,1,1,4,LA,University of Toronto,Canada
,1125,M.,Harwell,1,2,2,CA,N/A,USA
,1130,K.,Hasselmann,1,1,8,LA,Max-Planck Institute for Meteorology,Germany
,1130,K.,Hasselmann,1,1,12,CA,Max-Planck Institute for Meteorology,Germany
,1131,S.,Hastenrath,1,1,7,LA,University of Wisconsin,USA
,3623,R.,Haugen,1,2,7,CA,N/A,USA
,1144,Y.,Hayashi,1,1,8,LA,National Oceanographic and Atmospheric Administration (NOAA),USA
,1145,J.,Hayes,1,2,2,CA,N/A,USA
,1150,I.,Heany,1,1,10,LA,Institute of Freshwater Ecology,United Kingdom
,1151,R.,Heathcote,1,2,2,CA,N/A,Australia
,1152,A.,Hecht,1,1,5,LA,U.S. Environmental Protection Agency (EPA),USA
,3619,J.A.,Heginbottom,1,2,7,CA,N/A,Canada
,1160,Martin,Heimann,1,1,1,LA,Max-Planck Institute for Meteorology,Germany
,1160,Martin,Heimann,1,1,12,CA,Max-Planck Institute for Meteorology,Germany
,1175,Ann,Henderson-Sellers,1,1,7,LA,Macquarie University,Australia
,1189,A.,Higashi,1,1,9,LA,International Christian University,Japan
,1190,K.,Higuchi,1,1,7,LA,Environment Canada,Canada
,3615,S.M.,Hodge,1,2,7,CA,N/A,USA
,1209,M.,Hoffert,1,1,6,LA,New York University,USA
,1218,R.,Holesgrove,1,2,3,CA,N/A,Australia
1,,P.,Holligan,1,1,10,LA,Plymouth Marine Laboratory,United Kingdom
0,1227,E.O.,Holopainen,1,1,10,LA,University of Helsinki,Finland
1,1227,E.O.,Holopainen,1,1,4,LA,University of Helsinki,Finland
0,1229,Jarle Inge,Holten,1,1,4,LA,Terrestrial Ecology Research Institute,Norway
1,1229,Jarle Inge,Holten,1,2,3,CA,Terrestrial Ecology Research Institute,Norway
0,1244,J.T.,Houghton,1,2,3,CA,Met Office,United Kingdom
,1245,Richard A.,Houghton,1,1,1,LA,Woods Hole Research Center,USA
1,1244,J.T.,Houghton,1,1,3,LA,Met Office,United Kingdom
0,1259,Nguyen,Hu Ninh,1,1,3,LA,Centre for Environment Research Education and Development,Vietnam
1,1259,Nguyen,Hu Ninh,1,2,2,CA,Centre for Environment Research Education and Development,Vietnam
0,1275,B.,Hunt,1,2,2,CA,Commonwealth Scientific and Industrial Research Organization (CSIRO),Australia
,1275,B.,Hunt,1,1,5,LA,Commonwealth Scientific and Industrial Research Organization (CSIRO),Australia
1,,B.,Huntley,1,1,5,LA,University of Durham,United Kingdom
0,1279,N.,Husson,1,1,5,LA,Institut Pierre Simon Laplace (IPSL),France
1,1279,N,Husson,1,1,2,LA,Institut Pierre Simon Laplace (IPSL),France
0,1286,A.,Ibrahim,1,1,2,LA,N/A,Egypt
,1300,Masami,Iriki,1,2,5,CA,Yamanashi Institute of Environmental Sciences,Japan
0,1301,I.S.A,Isaksen,1,3,10,CLA,University of Oslo,Norway
,1329,Anthony,Janetos,1,1,12,CA,H. John Heinz III Center for Science Economics and the Environment,USA
1,1329,Anthony,Janetos,1,2,3,CLA,H. John Heinz III Center for Science Economics and the Environment,USA
,1336,P.G.,Jarvis,1,2,3,CLA,University of Edinburgh,United Kingdom
1,1336,P.G.,Jarvis,1,1,10,LA,University of Edinburgh,United Kingdom
,1344,G.,Jendritzky,1,2,5,CA,N/A,Germany
0,1346,G.J.,Jenkins,1,1,10,LA,Met Office,United Kingdom
1,1346,G.J.,Jenkins,1,1,2,LA,Met Office,United Kingdom
0,1347,R.,Jenne,1,1,2,LA,National Center for Atmospheric Research (NCAR),USA
,1347,R.,Jenne,1,1,12,LA,National Center for Atmospheric Research (NCAR),USA
1,1347,R.,Jenne,1,1,4,LA,National Center for Atmospheric Research (NCAR),USA
0,1355,X.,Jiang,1,1,4,LA,University of Illinois at Urbana-Champaign,USA
1,1355,X.,Jiang,1,1,6,LA,University of Illinois at Urbana-Champaign,USA
0,1367,E,Johnson,1,1,6,LA,Harwell Laboratory,United Kingdom
,1382,Philip D.,Jones,1,1,12,CA,University of East Anglia,United Kingdom
1,1382,Philip D.,Jones,1,1,7,LA,University of East Anglia,United Kingdom
1,1382,Philip D.,Jones,1,1,8,LA,University of East Anglia,United Kingdom
0,1394,L.A.,Joyce,1,1,7,LA,Woods Hole Research Center,USA
0,1394,L.A.,Joyce,1,1,8,LA,Woods Hole Research Center,USA
1,1394,L.A.,Joyce,1,1,10,LA,Woods Hole Research Center,USA
,3616,A.S.,Judge,1,2,7,CA,N/A,Canada
,3569,E.G.,Jung,1,2,5,CA,N/A,N/A
0,1401,P.R.,Jutro,1,1,10,LA,N/A,USA
1,1401,P.R.,Jutro,1,2,3,CA,N/A,USA
,3590,P.,Kaplin,1,2,6,CA,N/A,N/A
0,1427,R.,Karimanzira,1,2,3,CA,N/A,Zimbabwe
,1431,Thomas R.,Karl,1,3,4,CLA,National Oceanographic and Atmospheric Administration (NOAA),USA
1,1431,Thomas R.,Karl,1,1,7,CLA,National Oceanographic and Atmospheric Administration (NOAA),USA
0,1433,I.,Karol,1,1,7,CLA,Main Geophysical Observatory,USSR
1,1433,I,Karol,1,1,2,LA,Main Geophysical Observatory,USSR
0,1434,David J.,Karoly,1,1,2,LA,Monash University,Australia
,1434,David J.,Karoly,1,1,12,CA,Monash University,Australia
1,1434,David J.,Karoly,1,1,8,LA,Monash University,Australia
,1443,Richard W.,Katz,1,1,8,LA,National Center for Atmospheric Research (NCAR),USA
0,1451,T.,Keane,1,1,8,LA,N/A,Ireland
1,1451,T.,Keane,1,2,2,CA,N/A,Ireland
,3555,J.,Kelman,1,2,4,CA,N/A,N/A
0,1468,B.,Keshavamurthy,1,2,2,CA,Physical Research Laboratory,India
1,1468,B.,Keshavamurty,1,1,5,LA,Physical Research Laboratory,India
0,1471,L.,Kettunen,1,1,5,LA,N/A,Finland
1,1471,L.,Kettunen,1,2,2,CA,N/A,Finland
,3620,H.,Keys,1,2,7,CA,N/A,New Zealand
,1498,J.,Kindler,1,2,2,CA,N/A,Poland
1,1498,J.,Kindler,1,2,2,CA,N/A,Poland
0,1501,M.D.,King,1,2,2,CA,National Aeronautics and Space Administration (NASA),USA
1,1501,M.D.,King,1,1,2,LA,National Aeronautics and Space Administration (NASA),USA
0,1506,D.,Kinnison,1,1,2,LA,Lawrence Livermore National Laboratory,USA
,1508,R.,Kintanar,1,1,12,CA,N/A,Philippines
1,1508,R.,Kintanar,1,2,2,CA,N/A,Philippines
0,1510,V.,Kirchhoff,1,2,2,CA,National Institute for Space Research (INPE),Brazil
1,1510,V.,Kirchhoff,1,1,1,LA,National Institute for Space Research (INPE),Brazil
0,1515,A.,Kiselev,1,1,1,LA,Main Geophysical Observatory,USSR
,1533,J.,Knox,1,1,12,CA,Environment Canada,Canada
1,1533,J.,Knox,1,1,7,LA,Environment Canada,Canada
0,1540,Roy M.,Koerner,1,1,7,LA,Geological Survey of Canada,Canada
,1540,Roy M.,Koerner,1,2,7,CA,Geological Survey of Canada,Canada
1,1540,Roy M.,Koerner,1,1,5,LA,Geological Survey of Canada,Canada
0,1544,G.,Kohlmaier,1,1,5,LA,Institut fur Physikahsche und Theoretisch Chemie,Germany
,1544,G.,Kohlmaier,1,1,1,LA,Institut fur Physikahsche und Theoretisch Chemie,Germany
,3591,NULL,Korsak,1,2,6,CA,N/A,N/A
,3608,E.A.,Köster,1,2,7,CA,N/A,The Netherlands
,1581,Andrei,Krovnin,1,2,6,CA,Russian Federal Research Institute of Fisheries and Oceanography,Russian Federation
1,,G.,Kukla,1,1,7,LA,Lamont-Doherty Geological Laboratory,USA
0,1596,D.,Kupfer,1,1,7,LA,N/A,Germany
0,1600,K,Kurz,1,3,4,CLA,Max-Planck Institute for Meteorology,Germany
,1604,J.E.,Kutzbach,1,1,12,CA,University of Wisconsin,USA
1,1604,J.E.,Kutzbach,1,1,4,LA,University of Wisconsin,USA
0,1611,S.,Lai,1,1,4,LA,Physical Research Laboratory,India
1,1611,S,Lai,1,1,1,LA,Physical Research Laboratory,India
,3592,A.,Lapenis,1,2,6,CA,N/A,N/A
,3593,E.,LaRoe,1,2,6,CA,N/A,N/A
,3556,R.,Lawford,1,2,4,CA,N/A,N/A
0,1662,HervÃ©,Le Treut,1,1,1,LA,Institut Pierre Simon Laplace (IPSL),France
1,1662,Hervé,Le Treut,1,1,4,LA,Institut Pierre Simon Laplace (IPSL),France
0,1687,J.C.,Leiva,1,1,4,LA,"Instituto Argentino de NivologÃ­a,GlaciologÃ­a y Ciencias Ambientales",Argentina
1,1687,J.C. ,Leiva,1,1,9,LA,"Instituto Argentino de NivologÃ­a,GlaciologÃ­a y Ciencias Ambientales",Argentina
0,1689,Peter,Lemke,1,1,9,LA,Max-Planck Institute for Meteorology,Germany
1,1689,Peter,Lemke,1,1,4,LA,Max-Planck Institute for Meteorology,Germany
0,1703,P.,Levelle,1,1,4,LA,Institut Pierre Simon Laplace (IPSL),France
1,1703,P.,Levelle,1,1,10,LA,Institut Pierre Simon Laplace (IPSL),France
0,1709,Sydney,Levitus,1,1,10,LA,National Oceanographic and Atmospheric Administration (NOAA),USA
1,1709,Sydney,Levitus,1,1,7,LA,National Oceanographic and Atmospheric Administration (NOAA),USA
,1722,H.J.,Liebscher,1,2,4,CA,N/A,N/A
,1727,X,Lin,1,1,7,LA,State Meteorological Administration,China
0,1730,S.,Linder,1,1,7,LA,University of Agricultural Sciences,Sweden
1,1730,S.,Linder,1,1,10,LA,University of Agricultural Sciences,Sweden
0,1735,D.,Linforth,1,1,10,LA,N/A,Australia
1,1735,D.,Linforth,1,2,2,CA,N/A,Australia
0,1737,C.S.,Lingle,1,2,2,CA,National Aeronautics and Space Administration (NASA),USA
1,1737,C.S. ,Lingle,1,1,9,LA,National Aeronautics and Space Administration (NASA),USA
0,1738,A.,Linkins,1,1,9,LA,Clarkson University,USA
1,1738,A.,Linkins,1,1,10,LA,Clarkson University,USA
,1739,H.,Lins,1,2,4,LA,U.S. Geological Survey,USA
0,1741,P.,Liss,1,1,10,LA,University of East Anglia,United Kingdom
1,1741,P,Liss,1,1,1,LA,University of East Anglia,United Kingdom
,1743,Chunzhen,Liu,1,2,4,CA,Hydrological Forecasting and Water Control Center,China
,1760,J.A.,Logan,1,1,1,LA,Harvard University,USA
0,1762,J.,Lomas,1,1,1,LA,N/A,Israel
1,1762,J.,Lomas,1,2,2,CA,N/A,Israel
0,1763,S.,Long,1,2,2,CA,University of Essex,United Kingdom
1,1763,S.,Long,1,1,10,LA,University of Essex,United Kingdom
,3580,J.D.,Longstreth,1,2,5,CA,N/A,N/A
0,1765,N.,Lopoukhine,1,1,10,LA,N/A,Canada
1,1765,N.,Lopoukhine,1,2,3,CLA,N/A,Canada
,1768,C.,Lorius,1,2,3,CLA,Laboratoire de Glaciologie et GÃ©ophysique de l'Environnement (LGGE),France
1,1768,C.,Lorius,1,1,5,LA,Laboratoire de Glaciologie et GÃ©ophysique de l'Environnement (LGGE),France
1,1768,C.,Lorius,1,1,9,LA,Laboratoire de Glaciologie et GÃ©ophysique de l'Environnement (LGGE),France
0,1781,A.,Lugo,1,1,5,LA,Institute of Tropical Forestry,USA
0,1781,A.,Lugo,1,1,9,LA,Institute of Tropical Forestry,USA
1,1781,A.,Lugo,1,1,10,LA,Institute of Tropical Forestry,USA
,3594,A.,Lukin,1,2,6,CA,N/A,N/A
,3606,V.J.,Lunardini,1,2,7,CA,N/A,USA
0,1784,Ji-Bin,Luo,1,1,10,LA,N/A,China
,1790,R.J.,Luxmoore,1,3,7,CLA,Oak Ridge National Laboratory,USA
1,1790,R.J.,Luxmoore,1,1,1,LA,Oak Ridge National Laboratory,USA
0,1799,Michael C.,MacCracken,1,1,1,LA,Lawrence Livermore National Laboratory,USA
1,1799,Michael C.,MacCracken,1,1,5,LA,Lawrence Livermore National Laboratory,USA
1,1799,Michael C.,MacCracken,1,1,8,LA,Lawrence Livermore National Laboratory,USA
0,1802,D.C.,Maclver,1,1,5,LA,N/A,Canada
0,1802,D.C.,Maclver,1,1,8,LA,N/A,Canada
1,1802,D.C.,Maclver,1,2,3,CA,N/A,Canada
0,1804,R.L.,Madden,1,2,3,CA,National Center for Atmospheric Research (NCAR),USA
1,1804,R.L.,Madden,1,1,8,LA,National Center for Atmospheric Research (NCAR),USA
0,1807,K.,Madhava Sarma,1,1,8,LA,N/A,India
,1811,Antonio R.,Magalhaes,1,3,8,CLA,Esquel Group Foundation Brazil (FGEB),Brazil
1,1811,A.,Magalhaes,1,2,2,CA,Esquel Group Foundation Brazil (FGEB),Brazil
0,1830,S.,Manabe,1,2,2,CA,National Oceanographic and Atmospheric Administration (NOAA),USA
1,1830,S.,Manabe,1,1,5,CLA,National Oceanographic and Atmospheric Administration (NOAA),USA
1,1830,S.,Manabe,1,1,6,LA,National Oceanographic and Atmospheric Administration (NOAA),USA
1,1830,S.,Manabe,1,1,8,LA,National Oceanographic and Atmospheric Administration (NOAA),USA
1,1892,Bryant J.,Mc Avaney,1,1,4,LA,Bureau of Meteorology,Australia
0,1892,Bryant J.,McAvaney,1,1,5,CLA,Bureau of Meteorology,Australia
0,1892,Bryant J.,McAvaney,1,1,6,LA,Bureau of Meteorology,Australia
0,1892,Bryant J.,McAvaney,1,1,8,LA,Bureau of Meteorology,Australia
0,1893,Gordon,McBean,1,1,4,LA,University of British Columbia,Canada
1,1893,Gordon,McBean,1,1,11,CLA,University of British Columbia,Canada
,1895,James J.,McCarthy,1,1,11,CLA,Harvard University,USA
1,1895,James J.,McCarthy,1,1,10,LA,Harvard University,USA
,3595,J.,Meehan,1,2,6,CA,N/A,N/A
0,1927,Gerald A.,Meehl,1,1,10,LA,National Center for Atmospheric Research (NCAR),USA
0,1927,Gerald A.,Meehl,1,1,11,CLA,National Center for Atmospheric Research (NCAR),USA
1,1927,Gerald A.,Meehl,1,1,4,LA,National Center for Atmospheric Research (NCAR),USA
1,1927,Gerald A.,Meehl,1,1,5,LA,National Center for Atmospheric Research (NCAR),USA
1,1927,Gerald A.,Meehl,1,1,6,LA,National Center for Atmospheric Research (NCAR),USA
,3609,M.F.,Meier,1,2,7,CA,N/A,USA
0,1934,V.,Meleshko,1,1,4,LA,Main Geophysical Observatory,USSR
0,1934,V.,Meleshko,1,1,5,LA,Main Geophysical Observatory,USSR
0,1934,V.,Meleshko,1,1,6,LA,Main Geophysical Observatory,USSR
1,1934,V. ,Meleshko,1,1,5,CLA,Main Geophysical Observatory,USSR
0,1935,J.M.,Melillo,1,1,5,CLA,Marine Biological Laboratory,USA
1,1935,J.M.,Melillo,1,1,10,CLA,Marine Biological Laboratory,USA
1,,L.,Melivat,1,1,1,LA,N/A,N/A
0,1937,L.,Menchaca,1,1,10,CLA,N/A,Mexico
,1937,L.,Menchaca,1,2,7,CA,N/A,Mexico
1,1937,L.,Menchaca,1,2,3,CA,N/A,Mexico
0,1940,G.,Mendzhulin,1,2,3,CA,N/A,USSR
1,1940,G.,Mendzhulin,1,2,2,CA,N/A,USSR
0,1945,L.,Merlivat,1,2,2,CA,University of Pans,France
,1990,K.,Minami,1,1,1,LA,National Institute of Agro-Environmental Sciences,Japan
0,2001,John F. B.,Mitchell,1,1,1,LA,Met Office,United Kingdom
1,2001,John F. B.,Mitchell,1,1,3,LA,Met Office,United Kingdom
1,2001,John F. B.,Mitchell,1,1,5,CLA,Met Office,United Kingdom
1,2001,John F. B.,Mitchell,1,1,8,LA,Met Office,United Kingdom
1,2025,J-J.,Morcrette,1,1,2,CLA,European Centre for Medium-Range Weather Forecasts (ECMWF),United Kingdom
0,2025,J-J.,Morcrette,1,1,5,CLA,European Centre for Medium-Range Weather Forecasts (ECMWF),United Kingdom
0,2025,J-J.,Morcrette,1,1,8,LA,European Centre for Medium-Range Weather Forecasts (ECMWF),United Kingdom
0,2027,P.,Morel,1,1,2,CLA,World Meteorological Organization (WMO),Switzerland
1,2027,P.,Morel,1,1,4,LA,World Meteorological Organization (WMO),Switzerland
1,2027,P.,Morel,1,1,11,LA,World Meteorological Organization (WMO),Switzerland
0,2035,James,Morison,1,1,4,LA,University of Reading,United Kingdom
0,2035,James,Morison,1,1,11,LA,University of Reading,United Kingdom
1,2035,James,Morison,1,1,10,LA,University of Reading,United Kingdom
0,2039,Linda,Mortsch,1,1,10,LA,Environment Canada,Canada
0,2039,Linda,Mortsch,1,2,2,CA,Environment Canada,Canada
1,2039,L.,Mortsch,1,2,3,CA,Environment Canada,Canada
,2042,P.,Mosley,1,2,3,CA,N/A,New Zealand
,2042,P.,Mosley,1,2,4,CA,N/A,New Zealand
1,2042,P.,Mosley,1,2,2,CA,N/A,New Zealand
0,2049,A D,Moura,1,2,2,CA,National Institute for Space Research (INPE),Brazil
0,2049,A D,Moura,1,2,3,CA,National Institute for Space Research (INPE),Brazil
1,2049,A D,Moura,1,1,8,LA,National Institute for Space Research (INPE),Brazil
0,2060,J.,Muller,1,1,8,LA,N/A,Germany
1,2060,J.,Muller,1,2,2,CA,N/A,Germany
,3583,I.,Nazarov,1,2,5,CA,N/A,N/A
,2109,Frederick E.,Nelson,1,2,7,CA,State University of New York Albany,USA
,2123,Neville,Nicholls,1,2,2,CA,Bureau of Meteorology,Australia
1,2123,Neville,Nicholls,1,1,7,LA,Bureau of Meteorology,Australia
,3573,S.,Nishinomiya,1,2,5,CA,N/A,N/A
,2134,Shuzo,Nishioka,1,2,5,LA,N/A,N/A
,2134,Shuzo,Nishioka,1,2,6,CA,N/A,N/A
0,2137,Carlos A.,Nobre,1,1,7,LA,National Institute for Space Research (INPE),Brazil
0,2137,Carlos A.,Nobre,1,2,2,CA,National Institute for Space Research (INPE),Brazil
1,2137,Carlos A.,Nobre,1,1,8,LA,National Institute for Space Research (INPE),Brazil
0,2156,B.S.,Nyenzi,1,1,8,LA,Directorate of Meteorology,Tanzania
1,2156,B.S.,Nyenzi,1,1,7,LA,Directorate of Meteorology,Tanzania
,2170,Richard,Odingo,1,2,5,CA,University of Nairobi,Kenya
0,2172,Walter,Oechel,1,1,7,LA,San Diego State University,USA
1,2172,Walter,Oechel,1,1,10,LA,San Diego State University,USA
0,2173,Johannes,Oerlemans,1,1,10,LA,Royal Netherlands Meteorological Institute (KNMI),The Netherlands
1,2173,Johannes,Oerlemans,1,1,9,CLA,Royal Netherlands Meteorological Institute (KNMI),The Netherlands
0,2174,H,Oeschger,1,1,9,CLA,University of Bern,Switzerland
1,2174,H,Oeschger,1,1,1,CLA,University of Bern,Switzerland
0,2176,Laban J.,Ogallo,1,1,1,CLA,University of Nairobi,Kenya
1,2176,Laban J.,Ogallo,1,1,8,LA,University of Nairobi,Kenya
1,2176,Laban J.,Ogallo,1,2,2,CA,University of Nairobi,Kenya
0,2181,J.,Oguntojinbo,1,1,8,LA,N/A,Nigeria
0,2181,J.,Oguntojinbo,1,2,2,CA,N/A,Nigeria
,2182,J S.,Oguntoyinbo,1,1,7,LA,University of Ibadan,Nigeria
,2182,J S.,Oguntoyinbo,1,2,2,CA,University of Ibadan,Nigeria
,2193,T.,Okita,1,2,5,LA,Obirin University,Japan
,2195,E.O.,Oladipo,1,1,5,LA,Ahmadu Bello University,Nigeria
,2195,E.O.,Oladipo,1,1,8,LA,Ahmadu Bello University,Nigeria
,2198,O.J.,Olaniran,1,2,3,CA,N/A,Nigeria
,2213,J.,Oppeneau,1,3,10,CLA,N/A,France
,2214,Michael,Oppenheimer,1,2,5,CA,Princeton University,USA
,2230,J.J.,Owonubi,1,2,3,CA,N/A,Nigeria
,2239,J.,Pagnan,1,2,3,CLA,N/A,Canada
,2246,Timothy N.,Palmer,1,1,4,LA,European Centre for Medium-Range Weather Forecasts (ECMWF),United Kingdom
,2252,Govind Ballabh,Pant,1,1,7,LA,Indian Institute of Tropical Meteorology,India
,2253,S.,Panturat,1,2,2,CA,N/A,Thailand
,2262,David E.,Parker,1,1,7,LA,Met Office,United Kingdom
,2262,David E.,Parker,1,1,8,LA,Met Office,United Kingdom
0,2266,Martin,Parry,1,2,2,CLA,University College London,United Kingdom
,2284,G.,Pearman,1,1,1,LA,Commonwealth Scientific and Industrial Research Organization (CSIRO),Australia
,2294,H.,Peng,1,1,12,CA,Oak Ridge National Laboratory,USA
,2296,S.,Penkett,1,1,1,LA,University of East Anglia,United Kingdom
,2300,R.,Pentland,1,3,6,CLA,N/A,Canada
0,2308,E.,Perrott,1,1,5,LA,University of Oxford,United Kingdom
,3596,I.,Pershina,1,2,6,CA,N/A,N/A
,2312,R.,Peters,1,2,3,CLA,N/A,USA
,2324,M.,Phillip,1,1,10,LA,Institute of Plant Ecology,Denmark
,2350,A. Barrie,Pittock,1,1,5,LA,Commonwealth Scientific and Industrial Research Organization (CSIRO),Australia
,2350,A. Barrie,Pittock,1,1,7,LA,Commonwealth Scientific and Industrial Research Organization (CSIRO),Australia
,2350,A. Barrie,Pittock,1,1,8,LA,Commonwealth Scientific and Industrial Research Organization (CSIRO),Australia
,2350,A. Barrie,Pittock,1,2,2,CA,Commonwealth Scientific and Industrial Research Organization (CSIRO),Australia
0,2373,J.H.,Porter,1,2,2,CA,N/A,United Kingdom
,2381,L.P.,Prahm,1,1,4,LA,Danish Meteorological Institute,Denmark
,2381,L.P.,Prahm,1,1,5,LA,Danish Meteorological Institute,Denmark
,2383,Michael,Prather,1,1,12,CA,National Aeronautics and Space Administration (NASA),USA
,3617,P.G.,Quilty,1,2,7,CA,N/A,Australia
,2427,Veerabhadran,Ramanathan,1,1,2,LA,University of Chicago,USA
,2432,P.,Ramirez,1,2,2,CA,N/A,Costa Rica
,2436,David A.,Randall,1,1,3,LA,Colorado State University,USA
,2436,David A.,Randall,1,1,5,LA,Colorado State University,USA
,2441,Sarah C.B.,Raper,1,1,6,LA,University of East Anglia,United Kingdom
,2441,Sarah C.B.,Raper,1,1,8,LA,University of East Anglia,United Kingdom
,2441,Sarah C.B.,Raper,1,1,9,LA,University of East Anglia,United Kingdom
,2441,Sarah C.B.,Raper,1,1,12,CA,University of East Anglia,United Kingdom
,2446,I.,Rasool,1,1,11,LA,National Aeronautics and Space Administration (NASA),USA
,2456,Dominique,Raynaud,1,1,1,LA,Laboratoire de Glaciologie et GÃ©ophysique de l'Environnement (LGGE),France
,3597,M.,Rees,1,2,6,CA,N/A,N/A
,2470,John M.,Reilly,1,2,2,CA,U.S. Department of Agriculture,USA
,2483,R.W.,Reynolds,1,1,7,LA,National Oceanographic and Atmospheric Administration (NOAA),USA
,2494,V.,Richter,1,2,2,CA,N/A,Czech Republic
,2502,David,Rind,1,1,6,LA,National Aeronautics and Space Administration (NASA),USA
1,2502,David,Rind,1,1,5,LA,National Aeronautics and Space Administration (NASA),USA
,3604,D.,Riseborough,1,2,7,CA,N/A,Canada
,2523,R.,Rochon,1,3,11,CLA,N/A,Canada
,2527,H.,Rodhe,1,1,1,CLA,University of Stockholm,Sweden
,2527,H.,Rodhe,1,1,2,LA,University of Stockholm,Sweden
,3598,S.,Rodionov,1,2,6,CA,N/A,N/A
,2531,Erich,Roeckner,1,1,3,LA,Max-Planck Institute for Meteorology,Germany
,2548,C.F.,Ropelewski,1,1,7,LA,National Oceanographic and Atmospheric Administration (NOAA),USA
,2556,Cynthia,Rosenzweig,1,2,2,CA,National Aeronautics and Space Administration (NASA),USA
,3559,C.,Rouviere,1,2,5,LA,N/A,N/A
,2567,P.R.,Rowntree,1,1,4,CLA,Met Office,United Kingdom
,2567,P.R.,Rowntree,1,1,5,LA,Met Office,United Kingdom
,3564,P.,Roy,1,2,5,CA,N/A,N/A
,2579,M.,Ryan,1,1,10,LA,Woods Hole Research Center,USA
,3565,S.,Safiullah,1,2,5,CA,N/A,N/A
,2598,E.,Salati,1,1,10,CLA,Universidade do Estado de Sao Paulo,Brazil
,2602,"Michael James ""Jim""",Salinger,1,2,2,CA,National Institute of Water and Atmospheric Research,New Zealand
,2609,E.,Sanhueza,1,1,1,LA,Max-Planck Institute for Chemistry,Germany
,2611,Benjamin D.,Santer,1,1,8,LA,Max-Planck Institute for Meteorology,Germany
,2623,A.,Sastri,1,2,2,CA,N/A,India
,3624,F.,Sayles,1,2,7,CA,N/A,USA
,2649,David,Schimel,1,1,10,LA,Colorado State University,USA
,2655,M.E.,Schlesinger,1,1,5,LA,University of Illinois at Urbana-Champaign,USA
,2655,M.E.,Schlesinger,1,1,6,LA,University of Illinois at Urbana-Champaign,USA
,2655,M.E.,Schlesinger,1,1,8,LA,University of Illinois at Urbana-Champaign,USA
,2656,W.,Schlesinger,1,1,10,LA,Duke University,USA
,2668,Stephen,Schneider,1,1,4,LA,National Center for Atmospheric Research (NCAR),USA
,2668,Stephen,Schneider,1,1,5,LA,National Center for Atmospheric Research (NCAR),USA
,2675,C.-D.,Schonwiese,1,1,7,LA,Institut fur Meteorologie und Geophysics,Germany
,2675,C.-D.,Schonwiese,1,1,8,LA,Institut fur Meteorologie und Geophysics,Germany
,2686,C.J.E.,Schuurmans,1,1,8,LA,Royal Netherlands Meteorological Institute (KNMI),The Netherlands
,2692,A.,Scott,1,2,3,CA,N/A,United Kingdom
,2711,Catherine A.,Senior,1,1,5,LA,Met Office,United Kingdom
,2716,B.,Sevruk,1,1,7,LA,University of Zurich,Switzerland
,2718,N.,Shackleton,1,1,5,LA,University of Cambridge,United Kingdom
,2732,G.,Shaver,1,1,10,LA,Woods Hole Research Center,USA
,2747,G.Y.,Shi,1,1,2,LA,Chinese Academy of Sciences,China
,3599,V.,Shigaev,1,2,6,CA,N/A,N/A
,2748,Igor,Shiklomanov,1,2,4,LA,State Hydrological Institute,Russian Federation
,2750,Keith P.,Shine,1,1,2,CLA,University of Reading,United Kingdom
,2750,Keith P.,Shine,1,1,4,LA,University of Reading,United Kingdom
,2750,Keith P.,Shine,1,1,12,CA,University of Reading,United Kingdom
,3560,Y.,Shinyak,1,2,5,LA,N/A,N/A
,2761,W.J.,Shuttleworth,1,1,5,LA,Institute of Hydrology,United Kingdom
,2765,U.,Siegenthaler,1,1,1,CLA,University of Bern,Switzerland
,2765,U.,Siegenthaler,1,1,12,CA,University of Bern,Switzerland
,2770,Ian H.,Simmonds,1,1,4,LA,University of Melbourne,Australia
,2772,P.,Simon,1,1,1,LA,Belgian Institute for Space Aeronomy,Belgium
,2779,S.K.,Sinha,1,1,10,CLA,Indian Agricultural Research Institute,India
,2779,S.K.,Sinha,1,2,2,CA,Indian Agricultural Research Institute,India
,2782,Oleg D.,Sirotenko,1,2,2,CA,N/A,USSR
,2797,Barry,Smit,1,2,2,CA,University of Guelph,Canada
,3600,J.,Smith,1,2,6,CA,N/A,N/A
,3610,M.,Smith,1,2,7,CA,N/A,Canada
,2826,Allen M.,Solomon,1,2,3,CA,U.S. Environmental Protection Agency (EPA),USA
,2828,Andrew,Solow,1,1,7,LA,Woods Hole Oceanographic Institution,USA
,2828,Andrew,Solow,1,1,8,LA,Woods Hole Oceanographic Institution,USA
,3601,W.,Sprigg,1,2,6,CA,N/A,N/A
,2856,Eugene Z.,Stakhiv,1,2,4,LA,U.S. Army Institute for Water Resources,USA
,2856,Eugene Z.,Stakhiv,1,2,6,CA,U.S. Army Institute for Water Resources,USA
,3570,F.,Steimle,1,2,5,CA,N/A,N/A
,3557,B.,Stewart,1,2,4,CA,N/A,N/A
,3602,R.,Stewart,1,2,6,CA,N/A,N/A
,2885,F.,Stordal,1,1,12,CA,University of Oslo,Norway
,2890,Ronald J.,Stouffer,1,1,5,LA,National Oceanographic and Atmospheric Administration (NOAA),USA
,2890,Ronald J.,Stouffer,1,1,6,LA,National Oceanographic and Atmospheric Administration (NOAA),USA
,2891,B.,Strain,1,1,10,LA,Duke University,USA
,2892,Roger B.,Street,1,2,4,CA,N/A,Canada
,2892,Roger B.,Street,1,2,5,CA,N/A,Canada
,2893,F.,Street-Perrott,1,1,5,LA,University of Oxford,United Kingdom
,2902,W.,Su,1,1,1,LA,Chinese Academy of Sciences,China
,2909,A.,Sugandhy,1,2,5,CA,Ministry of Environment Indonesia,Indonesia
,2929,B.H.,Svensson,1,1,1,LA,University of Agricultural Sciences,Sweden
,3566,H.L.,Tebicke,1,2,5,CA,N/A,N/A
,3571,E.,Tekulve,1,2,5,CA,N/A,N/A
,3581,A.,Teramura,1,2,5,CA,N/A,N/A
,2982,J.,Theys,1,3,6,CLA,N/A,France
,2985,G.,Thomas,1,1,2,LA,University of British Columbia,Canada
,2987,A.M.,Thompson,1,1,1,LA,National Aeronautics and Space Administration (NASA),USA
,2987,A.M.,Thompson,1,1,12,CA,National Aeronautics and Space Administration (NASA),USA
,3004,J.,Tilley,1,3,9,CLA,N/A,Australia
,3007,Dennis A.,Tirpak,1,1,12,CA,U.S. Environmental Protection Agency (EPA),USA
,3007,Dennis A.,Tirpak,1,3,2,CLA,U.S. Environmental Protection Agency (EPA),USA
,3010,T.,Tokioka,1,1,5,CLA,Meteorological Research Institute,Japan
,3561,J.,Topping,1,2,5,LA,N/A,N/A
,3022,Kevin E.,Trenberth,1,1,7,LA,National Center for Atmospheric Research (NCAR),USA
,3022,Kevin E.,Trenberth,1,1,8,LA,National Center for Atmospheric Research (NCAR),USA
,3047,Z.,Uchijima,1,2,2,CA,N/A,Japan
,3578,J.C.,van der Leun,1,2,5,CA,N/A,N/A
,3091,Andrei A.,Velichko,1,1,5,LA,N/A,N/A
,3091,Andrei A.,Velichko,1,2,3,CA,N/A,N/A
,3091,Andrei A.,Velichko,1,2,7,CA,N/A,N/A
,3092,Pier,Vellinga,1,3,2,CLA,"Vrije Universiteit,Amsterdam",The Netherlands
,3092,Pier,Vellinga,1,3,5,CLA,"Vrije Universiteit,Amsterdam",The Netherlands
,3092,Pier,Vellinga,1,3,10,CLA,"Vrije Universiteit,Amsterdam",The Netherlands
,3113,K.Ya.,Vinnikov,1,1,5,LA,State Hydrological Institute,USSR
,3113,K.Ya.,Vinnikov,1,1,7,CLA,State Hydrological Institute,USSR
,3113,K.Ya.,Vinnikov,1,1,8,LA,State Hydrological Institute,USSR
,3117,P.,Vitousek,1,1,1,LA,Stanford University,USA
,3584,N.F.,Vladimirova,1,2,5,CA,N/A,N/A
,3122,T.,Volk,1,1,6,LA,University of New York,USA
,3132,Peter,Wadhams,1,1,7,LA,Scott Polar Research Institute,United Kingdom
,3586,P.J.,Waight,1,2,5,CA,N/A,N/A
,3141,John E.,Walsh,1,1,4,LA,University of Illinois at Urbana-Champaign,USA
,3582,M.P.,Walsh,1,2,5,CA,N/A,N/A
,3157,W-C,Wang,1,1,2,LA,State University of New York Albany,USA
,3157,W-C,Wang,1,1,7,LA,State University of New York Albany,USA
,3164,R.,Waring,1,1,10,LA,Oregon State University,USA
,3170,Richard A.,Warrick,1,1,9,CLA,University of East Anglia,United Kingdom
,3170,Richard A.,Warrick,1,1,12,CA,University of East Anglia,United Kingdom
1,,D.,Warrilow,1,1,5,LA,N/A,N/A
,3572,G.,Waschke,1,2,5,CA,N/A,N/A
,3574,N.,Washida,1,2,5,CA,N/A,N/A
,3174,W.M.,Washington,1,1,8,LA,National Center for Atmospheric Research (NCAR),USA
,3178,Robert T.,Watson,1,1,1,CLA,National Aeronautics and Space Administration (NASA),USA
1,,A.,Watson,1,1,1,LA,N/A,N/A
,3576,W.H.,Weihe,1,2,5,CA,N/A,N/A
,3192,R.,Wein,1,2,3,CLA,N/A,Canada
,3203,W.,Westman,1,2,3,CLA,N/A,USA
,3204,R.T.,Wetherald,1,1,4,LA,National Oceanographic and Atmospheric Administration (NOAA),USA
,3204,R.T.,Wetherald,1,1,5,LA,National Oceanographic and Atmospheric Administration (NOAA),USA
,3622,I.M.,Whillans,1,2,7,CA,N/A,USA
,3215,M.,Whitfield,1,1,1,LA,Plymouth Marine Laboratory,United Kingdom
,3223,Tom M.L.,Wigley,1,1,2,LA,University of East Anglia,United Kingdom
,3223,Tom M.L.,Wigley,1,1,6,LA,University of East Anglia,United Kingdom
,3223,Tom M.L.,Wigley,1,1,8,CLA,University of East Anglia,United Kingdom
,3223,Tom M.L.,Wigley,1,1,12,CA,University of East Anglia,United Kingdom
,3232,Jurgen,Willebrand,1,1,4,LA,Institut fur Meereskunde an der Universitat Kiel,Germany
,3237,J.,Williams,1,2,2,CA,N/A,United Kingdom
,3235,Ted,Williams,1,2,5,LA,U.S. Department of Energy,USA
,3239,M.,Williamson,1,1,10,LA,York University United Kingdom,United Kingdom
,3247,P.,Winkler,1,1,1,LA,Deutscher Wetterdienst,Germany
,3253,Steven C.,Wofsy,1,1,1,LA,Harvard University,USA
,3254,B.,Wold,1,1,9,LA,Norwegian Water Resources and Energy Administration,Norway
,3265,S.,Woodruff,1,1,7,LA,National Oceanographic and Atmospheric Administration (NOAA),USA
,3266,J.D.,Woods,1,1,3,LA,National Environment Research Council,United Kingdom
,3266,J.D.,Woods,1,1,6,CLA,National Environment Research Council,United Kingdom
,3269,F.I.,Woodward,1,1,10,CLA,University of Cambridge,United Kingdom
,3270,Philip,Woodworth,1,1,9,LA,Proudman Oceanographic Laboratory,United Kingdom
,3575,D.S.,Wratt,1,2,5,CA,N/A,N/A
0,3276,L.J.,Wright,1,2,2,CA,N/A,United Kingdom
,3280,Donald J.,Wuebbles,1,1,2,CLA,Lawrence Livermore National Laboratory,USA
,3280,Donald J.,Wuebbles,1,1,12,CA,Lawrence Livermore National Laboratory,USA
,3290,Shao-Xiong,Xie,1,3,3,CLA,N/A,China
0,1035,Pavel,Ya Groisman,1,1,7,LA,State Hydrological Institute,USSR
,3585,A.F.,Yakovlev,1,2,5,CA,N/A,N/A
,3558,T.,Yamada,1,2,4,CA,N/A,N/A
,3301,T.,Yamanouchi,1,1,2,LA,National Institute of Polar Research,Japan
,3301,T.,Yamanouchi,1,1,3,LA,National Institute of Polar Research,Japan
0,3316,T.,Yasunan,1,1,7,LA,Institute of Geoscience,Japan
,3317,Tetsuzo,Yasunari,1,1,8,LA,University of Tsukuba,Japan
1,3317,Tetsuzo,Yasunari,1,1,7,LA,University of Tsukuba,Japan
,3319,D.,Ye,1,1,8,LA,Chinese Academy of Sciences,China
,3320,R.,Ye,1,2,5,CA,State Environmental Protection Administration,China
,3325,K.,Yokobori,1,3,3,CLA,N/A,Japan
,3330,Masatoshi,Yoshino,1,2,2,CA,University of Tsukuba,Japan
,3603,S.,Zeeman,1,2,6,CA,N/A,N/A
,3341,Q.-C.,Zeng,1,1,4,CLA,Chinese Academy of Sciences,China
,3342,Z.,Zeng,1,1,7,LA,Atmospheric & Environmental Research Inc.,USA
,3350,Jia-cheng,Zhang,1,2,2,CA,N/A,China
1,,X.,Zhou,1,1,7,LA,N/A,N/A
,3385,Francis W.,Zwiers,1,1,8,LA,Environment Canada,Canada
1,1301,I.S.A,Isaksen,1,1,12,CA,University of Oslo,Norway
1,1367,C.E.,Johnson,1,1,12,CA,Harwell Laboratory,United Kingdom
1,1433,I,Karol,1,1,12,CA,Main Geophysical Observatory,USSR
1,1506,D.,Kinnison,1,1,12,CA,Lawrence Livermore National Laboratory,USA
1,1515,A.,Kiselev,1,1,12,CA,Main Geophysical Observatory,USSR
1,,G.J.,Jenkins,1,1,12,LA,Meteorological Office,United Kingdom
1,1600,K,Kurz,1,1,12,CA,Max-Planck Institute for Meteorology,Germany
1,,C.,Bruhl,1,1,12,CA,Max-Planck Institute for Chemistry,Germany
