Country,AR,WG,Total Country Authors,Total Authors,Percentage of Authors in Country
Albania,1,1,0,248,0.0000
Albania,1,2,0,169,0.0000
Albania,1,3,0,69,0.0000
Albania,2,1,0,411,0.0000
Albania,2,2,0,543,0.0000
Albania,2,3,0,93,0.0000
Albania,3,1,0,599,0.0000
Albania,3,2,0,401,0.0000
Albania,3,3,0,219,0.0000
Albania,4,1,0,615,0.0000
Albania,4,2,0,423,0.0000
Albania,4,3,0,273,0.0000
Albania,5,1,0,777,0.0000
Albania,5,2,0,664,0.0000
Albania,5,3,0,268,0.0000
Algeria,1,1,0,248,0.0000
Algeria,1,2,0,169,0.0000
Algeria,1,3,0,69,0.0000
Algeria,2,1,0,411,0.0000
Algeria,2,2,1,543,0.1842
Algeria,2,3,0,93,0.0000
Algeria,3,1,0,599,0.0000
Algeria,3,2,0,401,0.0000
Algeria,3,3,0,219,0.0000
Algeria,4,1,0,615,0.0000
Algeria,4,2,1,423,0.2364
Algeria,4,3,0,273,0.0000
Algeria,5,1,0,777,0.0000
Algeria,5,2,1,664,0.1506
Algeria,5,3,0,268,0.0000
Antigua and Barbuda,1,1,0,248,0.0000
Antigua and Barbuda,1,2,0,169,0.0000
Antigua and Barbuda,1,3,0,69,0.0000
Antigua and Barbuda,2,1,0,411,0.0000
Antigua and Barbuda,2,2,0,543,0.0000
Antigua and Barbuda,2,3,0,93,0.0000
Antigua and Barbuda,3,1,0,599,0.0000
Antigua and Barbuda,3,2,1,401,0.2494
Antigua and Barbuda,3,3,0,219,0.0000
Antigua and Barbuda,4,1,0,615,0.0000
Antigua and Barbuda,4,2,0,423,0.0000
Antigua and Barbuda,4,3,0,273,0.0000
Antigua and Barbuda,5,1,0,777,0.0000
Antigua and Barbuda,5,2,0,664,0.0000
Antigua and Barbuda,5,3,0,268,0.0000
Argentina,1,1,1,248,0.4032
Argentina,1,2,0,169,0.0000
Argentina,1,3,0,69,0.0000
Argentina,2,1,2,411,0.4866
Argentina,2,2,14,543,2.5783
Argentina,2,3,1,93,1.0753
Argentina,3,1,1,599,0.1669
Argentina,3,2,10,401,2.4938
Argentina,3,3,2,219,0.9132
Argentina,4,1,4,615,0.6504
Argentina,4,2,8,423,1.8913
Argentina,4,3,3,273,1.0989
Argentina,5,1,4,777,0.5148
Argentina,5,2,8,664,1.2048
Argentina,5,3,6,268,2.2388
Australia,1,1,12,248,4.8387
Australia,1,2,8,169,4.7337
Australia,1,3,7,69,10.1449
Australia,2,1,35,411,8.5158
Australia,2,2,27,543,4.9724
Australia,2,3,3,93,3.2258
Australia,3,1,35,599,5.8431
Australia,3,2,12,401,2.9925
Australia,3,3,1,219,0.4566
Australia,4,1,28,615,4.5528
Australia,4,2,27,423,6.3830
Australia,4,3,6,273,2.1978
Australia,5,1,39,777,5.0193
Australia,5,2,54,664,8.1325
Australia,5,3,7,268,2.6119
Austria,1,1,0,248,0.0000
Austria,1,2,0,169,0.0000
Austria,1,3,0,69,0.0000
Austria,2,1,0,411,0.0000
Austria,2,2,7,543,1.2891
Austria,2,3,1,93,1.0753
Austria,3,1,4,599,0.6678
Austria,3,2,1,401,0.2494
Austria,3,3,4,219,1.8265
Austria,4,1,2,615,0.3252
Austria,4,2,4,423,0.9456
Austria,4,3,10,273,3.6630
Austria,5,1,5,777,0.6435
Austria,5,2,5,664,0.7530
Austria,5,3,9,268,3.3582
Bangladesh,1,1,0,248,0.0000
Bangladesh,1,2,0,169,0.0000
Bangladesh,1,3,0,69,0.0000
Bangladesh,2,1,0,411,0.0000
Bangladesh,2,2,0,543,0.0000
Bangladesh,2,3,1,93,1.0753
Bangladesh,3,1,0,599,0.0000
Bangladesh,3,2,2,401,0.4988
Bangladesh,3,3,1,219,0.4566
Bangladesh,4,1,0,615,0.0000
Bangladesh,4,2,4,423,0.9456
Bangladesh,4,3,0,273,0.0000
Bangladesh,5,1,0,777,0.0000
Bangladesh,5,2,3,664,0.4518
Bangladesh,5,3,2,268,0.7463
Barbados,1,1,0,248,0.0000
Barbados,1,2,0,169,0.0000
Barbados,1,3,0,69,0.0000
Barbados,2,1,0,411,0.0000
Barbados,2,2,1,543,0.1842
Barbados,2,3,0,93,0.0000
Barbados,3,1,0,599,0.0000
Barbados,3,2,1,401,0.2494
Barbados,3,3,0,219,0.0000
Barbados,4,1,0,615,0.0000
Barbados,4,2,1,423,0.2364
Barbados,4,3,0,273,0.0000
Barbados,5,1,0,777,0.0000
Barbados,5,2,2,664,0.3012
Barbados,5,3,0,268,0.0000
Belgium,1,1,3,248,1.2097
Belgium,1,2,1,169,0.5917
Belgium,1,3,1,69,1.4493
Belgium,2,1,0,411,0.0000
Belgium,2,2,1,543,0.1842
Belgium,2,3,0,93,0.0000
Belgium,3,1,4,599,0.6678
Belgium,3,2,2,401,0.4988
Belgium,3,3,1,219,0.4566
Belgium,4,1,7,615,1.1382
Belgium,4,2,4,423,0.9456
Belgium,4,3,2,273,0.7326
Belgium,5,1,8,777,1.0296
Belgium,5,2,1,664,0.1506
Belgium,5,3,1,268,0.3731
Belize,1,1,0,248,0.0000
Belize,1,2,0,169,0.0000
Belize,1,3,0,69,0.0000
Belize,2,1,0,411,0.0000
Belize,2,2,0,543,0.0000
Belize,2,3,0,93,0.0000
Belize,3,1,0,599,0.0000
Belize,3,2,0,401,0.0000
Belize,3,3,0,219,0.0000
Belize,4,1,0,615,0.0000
Belize,4,2,1,423,0.2364
Belize,4,3,0,273,0.0000
Belize,5,1,0,777,0.0000
Belize,5,2,0,664,0.0000
Belize,5,3,0,268,0.0000
Benin,1,1,0,248,0.0000
Benin,1,2,1,169,0.5917
Benin,1,3,0,69,0.0000
Benin,2,1,0,411,0.0000
Benin,2,2,1,543,0.1842
Benin,2,3,0,93,0.0000
Benin,3,1,1,599,0.1669
Benin,3,2,0,401,0.0000
Benin,3,3,0,219,0.0000
Benin,4,1,0,615,0.0000
Benin,4,2,1,423,0.2364
Benin,4,3,0,273,0.0000
Benin,5,1,0,777,0.0000
Benin,5,2,0,664,0.0000
Benin,5,3,0,268,0.0000
Bermuda,1,1,0,248,0.0000
Bermuda,1,2,0,169,0.0000
Bermuda,1,3,0,69,0.0000
Bermuda,2,1,1,411,0.2433
Bermuda,2,2,0,543,0.0000
Bermuda,2,3,0,93,0.0000
Bermuda,3,1,0,599,0.0000
Bermuda,3,2,0,401,0.0000
Bermuda,3,3,0,219,0.0000
Bermuda,4,1,1,615,0.1626
Bermuda,4,2,0,423,0.0000
Bermuda,4,3,0,273,0.0000
Bermuda,5,1,1,777,0.1287
Bermuda,5,2,0,664,0.0000
Bermuda,5,3,0,268,0.0000
Bolivia,1,1,0,248,0.0000
Bolivia,1,2,0,169,0.0000
Bolivia,1,3,0,69,0.0000
Bolivia,2,1,0,411,0.0000
Bolivia,2,2,0,543,0.0000
Bolivia,2,3,0,93,0.0000
Bolivia,3,1,0,599,0.0000
Bolivia,3,2,0,401,0.0000
Bolivia,3,3,0,219,0.0000
Bolivia,4,1,0,615,0.0000
Bolivia,4,2,1,423,0.2364
Bolivia,4,3,0,273,0.0000
Bolivia,5,1,0,777,0.0000
Bolivia,5,2,0,664,0.0000
Bolivia,5,3,0,268,0.0000
Botswana,1,1,0,248,0.0000
Botswana,1,2,0,169,0.0000
Botswana,1,3,0,69,0.0000
Botswana,2,1,0,411,0.0000
Botswana,2,2,0,543,0.0000
Botswana,2,3,0,93,0.0000
Botswana,3,1,0,599,0.0000
Botswana,3,2,2,401,0.4988
Botswana,3,3,0,219,0.0000
Botswana,4,1,0,615,0.0000
Botswana,4,2,2,423,0.4728
Botswana,4,3,1,273,0.3663
Botswana,5,1,1,777,0.1287
Botswana,5,2,1,664,0.1506
Botswana,5,3,1,268,0.3731
Brazil,1,1,4,248,1.6129
Brazil,1,2,1,169,0.5917
Brazil,1,3,3,69,4.3478
Brazil,2,1,4,411,0.9732
Brazil,2,2,4,543,0.7366
Brazil,2,3,3,93,3.2258
Brazil,3,1,3,599,0.5008
Brazil,3,2,5,401,1.2469
Brazil,3,3,7,219,3.1963
Brazil,4,1,3,615,0.4878
Brazil,4,2,6,423,1.4184
Brazil,4,3,6,273,2.1978
Brazil,5,1,6,777,0.7722
Brazil,5,2,12,664,1.8072
Brazil,5,3,11,268,4.1045
Bulgaria,1,1,0,248,0.0000
Bulgaria,1,2,0,169,0.0000
Bulgaria,1,3,0,69,0.0000
Bulgaria,2,1,0,411,0.0000
Bulgaria,2,2,0,543,0.0000
Bulgaria,2,3,0,93,0.0000
Bulgaria,3,1,0,599,0.0000
Bulgaria,3,2,0,401,0.0000
Bulgaria,3,3,0,219,0.0000
Bulgaria,4,1,0,615,0.0000
Bulgaria,4,2,0,423,0.0000
Bulgaria,4,3,0,273,0.0000
Bulgaria,5,1,0,777,0.0000
Bulgaria,5,2,1,664,0.1506
Bulgaria,5,3,1,268,0.3731
Cambodia,1,1,0,248,0.0000
Cambodia,1,2,0,169,0.0000
Cambodia,1,3,0,69,0.0000
Cambodia,2,1,0,411,0.0000
Cambodia,2,2,0,543,0.0000
Cambodia,2,3,0,93,0.0000
Cambodia,3,1,0,599,0.0000
Cambodia,3,2,0,401,0.0000
Cambodia,3,3,0,219,0.0000
Cambodia,4,1,0,615,0.0000
Cambodia,4,2,0,423,0.0000
Cambodia,4,3,0,273,0.0000
Cambodia,5,1,0,777,0.0000
Cambodia,5,2,0,664,0.0000
Cambodia,5,3,0,268,0.0000
Cameroon,1,1,0,248,0.0000
Cameroon,1,2,0,169,0.0000
Cameroon,1,3,0,69,0.0000
Cameroon,2,1,0,411,0.0000
Cameroon,2,2,0,543,0.0000
Cameroon,2,3,0,93,0.0000
Cameroon,3,1,0,599,0.0000
Cameroon,3,2,0,401,0.0000
Cameroon,3,3,0,219,0.0000
Cameroon,4,1,0,615,0.0000
Cameroon,4,2,0,423,0.0000
Cameroon,4,3,0,273,0.0000
Cameroon,5,1,0,777,0.0000
Cameroon,5,2,2,664,0.3012
Cameroon,5,3,0,268,0.0000
Canada,1,1,10,248,4.0323
Canada,1,2,21,169,12.4260
Canada,1,3,2,69,2.8986
Canada,2,1,22,411,5.3528
Canada,2,2,27,543,4.9724
Canada,2,3,3,93,3.2258
Canada,3,1,28,599,4.6745
Canada,3,2,20,401,4.9875
Canada,3,3,6,219,2.7397
Canada,4,1,34,615,5.5285
Canada,4,2,31,423,7.3286
Canada,4,3,15,273,5.4945
Canada,5,1,33,777,4.2471
Canada,5,2,25,664,3.7651
Canada,5,3,5,268,1.8657
Chad,1,1,0,248,0.0000
Chad,1,2,0,169,0.0000
Chad,1,3,0,69,0.0000
Chad,2,1,0,411,0.0000
Chad,2,2,0,543,0.0000
Chad,2,3,0,93,0.0000
Chad,3,1,0,599,0.0000
Chad,3,2,0,401,0.0000
Chad,3,3,0,219,0.0000
Chad,4,1,0,615,0.0000
Chad,4,2,2,423,0.4728
Chad,4,3,0,273,0.0000
Chad,5,1,0,777,0.0000
Chad,5,2,0,664,0.0000
Chad,5,3,0,268,0.0000
Chile,1,1,0,248,0.0000
Chile,1,2,0,169,0.0000
Chile,1,3,0,69,0.0000
Chile,2,1,0,411,0.0000
Chile,2,2,0,543,0.0000
Chile,2,3,0,93,0.0000
Chile,3,1,0,599,0.0000
Chile,3,2,1,401,0.2494
Chile,3,3,2,219,0.9132
Chile,4,1,1,615,0.1626
Chile,4,2,2,423,0.4728
Chile,4,3,1,273,0.3663
Chile,5,1,2,777,0.2574
Chile,5,2,4,664,0.6024
Chile,5,3,1,268,0.3731
China,1,1,7,248,2.8226
China,1,2,4,169,2.3669
China,1,3,3,69,4.3478
China,2,1,7,411,1.7032
China,2,2,14,543,2.5783
China,2,3,1,93,1.0753
China,3,1,11,599,1.8364
China,3,2,7,401,1.7456
China,3,3,9,219,4.1096
China,4,1,17,615,2.7642
China,4,2,12,423,2.8369
China,4,3,15,273,5.4945
China,5,1,25,777,3.2175
China,5,2,18,664,2.7108
China,5,3,14,268,5.2239
Colombia,1,1,0,248,0.0000
Colombia,1,2,0,169,0.0000
Colombia,1,3,0,69,0.0000
Colombia,2,1,0,411,0.0000
Colombia,2,2,0,543,0.0000
Colombia,2,3,0,93,0.0000
Colombia,3,1,0,599,0.0000
Colombia,3,2,0,401,0.0000
Colombia,3,3,0,219,0.0000
Colombia,4,1,0,615,0.0000
Colombia,4,2,0,423,0.0000
Colombia,4,3,0,273,0.0000
Colombia,5,1,0,777,0.0000
Colombia,5,2,4,664,0.6024
Colombia,5,3,1,268,0.3731
Costa Rica,1,1,0,248,0.0000
Costa Rica,1,2,1,169,0.5917
Costa Rica,1,3,0,69,0.0000
Costa Rica,2,1,0,411,0.0000
Costa Rica,2,2,0,543,0.0000
Costa Rica,2,3,0,93,0.0000
Costa Rica,3,1,0,599,0.0000
Costa Rica,3,2,1,401,0.2494
Costa Rica,3,3,0,219,0.0000
Costa Rica,4,1,0,615,0.0000
Costa Rica,4,2,1,423,0.2364
Costa Rica,4,3,0,273,0.0000
Costa Rica,5,1,0,777,0.0000
Costa Rica,5,2,2,664,0.3012
Costa Rica,5,3,1,268,0.3731
Cuba,1,1,0,248,0.0000
Cuba,1,2,0,169,0.0000
Cuba,1,3,0,69,0.0000
Cuba,2,1,0,411,0.0000
Cuba,2,2,3,543,0.5525
Cuba,2,3,0,93,0.0000
Cuba,3,1,0,599,0.0000
Cuba,3,2,1,401,0.2494
Cuba,3,3,2,219,0.9132
Cuba,4,1,0,615,0.0000
Cuba,4,2,1,423,0.2364
Cuba,4,3,4,273,1.4652
Cuba,5,1,0,777,0.0000
Cuba,5,2,1,664,0.1506
Cuba,5,3,5,268,1.8657
Czech Republic,1,1,0,248,0.0000
Czech Republic,1,2,1,169,0.5917
Czech Republic,1,3,0,69,0.0000
Czech Republic,2,1,0,411,0.0000
Czech Republic,2,2,0,543,0.0000
Czech Republic,2,3,0,93,0.0000
Czech Republic,3,1,1,599,0.1669
Czech Republic,3,2,0,401,0.0000
Czech Republic,3,3,0,219,0.0000
Czech Republic,4,1,0,615,0.0000
Czech Republic,4,2,1,423,0.2364
Czech Republic,4,3,0,273,0.0000
Czech Republic,5,1,0,777,0.0000
Czech Republic,5,2,0,664,0.0000
Czech Republic,5,3,0,268,0.0000
Denmark,1,1,3,248,1.2097
Denmark,1,2,0,169,0.0000
Denmark,1,3,0,69,0.0000
Denmark,2,1,2,411,0.4866
Denmark,2,2,5,543,0.9208
Denmark,2,3,1,93,1.0753
Denmark,3,1,3,599,0.5008
Denmark,3,2,0,401,0.0000
Denmark,3,3,3,219,1.3699
Denmark,4,1,1,615,0.1626
Denmark,4,2,3,423,0.7092
Denmark,4,3,4,273,1.4652
Denmark,5,1,7,777,0.9009
Denmark,5,2,1,664,0.1506
Denmark,5,3,3,268,1.1194
Ecuador,1,1,0,248,0.0000
Ecuador,1,2,0,169,0.0000
Ecuador,1,3,0,69,0.0000
Ecuador,2,1,0,411,0.0000
Ecuador,2,2,0,543,0.0000
Ecuador,2,3,0,93,0.0000
Ecuador,3,1,0,599,0.0000
Ecuador,3,2,0,401,0.0000
Ecuador,3,3,0,219,0.0000
Ecuador,4,1,0,615,0.0000
Ecuador,4,2,0,423,0.0000
Ecuador,4,3,1,273,0.3663
Ecuador,5,1,0,777,0.0000
Ecuador,5,2,0,664,0.0000
Ecuador,5,3,0,268,0.0000
Egypt,1,1,0,248,0.0000
Egypt,1,2,0,169,0.0000
Egypt,1,3,0,69,0.0000
Egypt,2,1,0,411,0.0000
Egypt,2,2,0,543,0.0000
Egypt,2,3,0,93,0.0000
Egypt,3,1,0,599,0.0000
Egypt,3,2,0,401,0.0000
Egypt,3,3,0,219,0.0000
Egypt,4,1,0,615,0.0000
Egypt,4,2,2,423,0.4728
Egypt,4,3,0,273,0.0000
Egypt,5,1,0,777,0.0000
Egypt,5,2,2,664,0.3012
Egypt,5,3,2,268,0.7463
El Salvador,1,1,0,248,0.0000
El Salvador,1,2,0,169,0.0000
El Salvador,1,3,0,69,0.0000
El Salvador,2,1,0,411,0.0000
El Salvador,2,2,0,543,0.0000
El Salvador,2,3,0,93,0.0000
El Salvador,3,1,0,599,0.0000
El Salvador,3,2,0,401,0.0000
El Salvador,3,3,0,219,0.0000
El Salvador,4,1,0,615,0.0000
El Salvador,4,2,0,423,0.0000
El Salvador,4,3,0,273,0.0000
El Salvador,5,1,0,777,0.0000
El Salvador,5,2,0,664,0.0000
El Salvador,5,3,0,268,0.0000
Ethiopia,1,1,1,248,0.4032
Ethiopia,1,2,1,169,0.5917
Ethiopia,1,3,0,69,0.0000
Ethiopia,2,1,0,411,0.0000
Ethiopia,2,2,0,543,0.0000
Ethiopia,2,3,0,93,0.0000
Ethiopia,3,1,0,599,0.0000
Ethiopia,3,2,0,401,0.0000
Ethiopia,3,3,0,219,0.0000
Ethiopia,4,1,0,615,0.0000
Ethiopia,4,2,0,423,0.0000
Ethiopia,4,3,0,273,0.0000
Ethiopia,5,1,0,777,0.0000
Ethiopia,5,2,1,664,0.1506
Ethiopia,5,3,0,268,0.0000
Fiji,1,1,0,248,0.0000
Fiji,1,2,0,169,0.0000
Fiji,1,3,0,69,0.0000
Fiji,2,1,0,411,0.0000
Fiji,2,2,1,543,0.1842
Fiji,2,3,0,93,0.0000
Fiji,3,1,0,599,0.0000
Fiji,3,2,0,401,0.0000
Fiji,3,3,0,219,0.0000
Fiji,4,1,0,615,0.0000
Fiji,4,2,1,423,0.2364
Fiji,4,3,0,273,0.0000
Fiji,5,1,0,777,0.0000
Fiji,5,2,2,664,0.3012
Fiji,5,3,1,268,0.3731
Finland,1,1,1,248,0.4032
Finland,1,2,1,169,0.5917
Finland,1,3,0,69,0.0000
Finland,2,1,1,411,0.2433
Finland,2,2,8,543,1.4733
Finland,2,3,0,93,0.0000
Finland,3,1,3,599,0.5008
Finland,3,2,3,401,0.7481
Finland,3,3,2,219,0.9132
Finland,4,1,1,615,0.1626
Finland,4,2,3,423,0.7092
Finland,4,3,4,273,1.4652
Finland,5,1,3,777,0.3861
Finland,5,2,6,664,0.9036
Finland,5,3,1,268,0.3731
France,1,1,8,248,3.2258
France,1,2,0,169,0.0000
France,1,3,4,69,5.7971
France,2,1,12,411,2.9197
France,2,2,16,543,2.9466
France,2,3,5,93,5.3763
France,3,1,26,599,4.3406
France,3,2,2,401,0.4988
France,3,3,6,219,2.7397
France,4,1,37,615,6.0163
France,4,2,12,423,2.8369
France,4,3,12,273,4.3956
France,5,1,42,777,5.4054
France,5,2,21,664,3.1627
France,5,3,6,268,2.2388
Germany,1,1,16,248,6.4516
Germany,1,2,3,169,1.7751
Germany,1,3,0,69,0.0000
Germany,2,1,30,411,7.2993
Germany,2,2,22,543,4.0516
Germany,2,3,1,93,1.0753
Germany,3,1,62,599,10.3506
Germany,3,2,11,401,2.7431
Germany,3,3,10,219,4.5662
Germany,4,1,46,615,7.4797
Germany,4,2,13,423,3.0733
Germany,4,3,9,273,3.2967
Germany,5,1,49,777,6.3063
Germany,5,2,38,664,5.7229
Germany,5,3,13,268,4.8507
Ghana,1,1,0,248,0.0000
Ghana,1,2,0,169,0.0000
Ghana,1,3,0,69,0.0000
Ghana,2,1,0,411,0.0000
Ghana,2,2,0,543,0.0000
Ghana,2,3,0,93,0.0000
Ghana,3,1,0,599,0.0000
Ghana,3,2,0,401,0.0000
Ghana,3,3,0,219,0.0000
Ghana,4,1,0,615,0.0000
Ghana,4,2,0,423,0.0000
Ghana,4,3,0,273,0.0000
Ghana,5,1,0,777,0.0000
Ghana,5,2,1,664,0.1506
Ghana,5,3,2,268,0.7463
Greece,1,1,0,248,0.0000
Greece,1,2,0,169,0.0000
Greece,1,3,0,69,0.0000
Greece,2,1,0,411,0.0000
Greece,2,2,0,543,0.0000
Greece,2,3,0,93,0.0000
Greece,3,1,1,599,0.1669
Greece,3,2,0,401,0.0000
Greece,3,3,0,219,0.0000
Greece,4,1,0,615,0.0000
Greece,4,2,1,423,0.2364
Greece,4,3,1,273,0.3663
Greece,5,1,0,777,0.0000
Greece,5,2,3,664,0.4518
Greece,5,3,1,268,0.3731
Guatemala,1,1,0,248,0.0000
Guatemala,1,2,0,169,0.0000
Guatemala,1,3,0,69,0.0000
Guatemala,2,1,0,411,0.0000
Guatemala,2,2,0,543,0.0000
Guatemala,2,3,0,93,0.0000
Guatemala,3,1,0,599,0.0000
Guatemala,3,2,0,401,0.0000
Guatemala,3,3,0,219,0.0000
Guatemala,4,1,0,615,0.0000
Guatemala,4,2,0,423,0.0000
Guatemala,4,3,0,273,0.0000
Guatemala,5,1,0,777,0.0000
Guatemala,5,2,1,664,0.1506
Guatemala,5,3,0,268,0.0000
Guinea,1,1,0,248,0.0000
Guinea,1,2,0,169,0.0000
Guinea,1,3,0,69,0.0000
Guinea,2,1,0,411,0.0000
Guinea,2,2,0,543,0.0000
Guinea,2,3,0,93,0.0000
Guinea,3,1,0,599,0.0000
Guinea,3,2,0,401,0.0000
Guinea,3,3,0,219,0.0000
Guinea,4,1,0,615,0.0000
Guinea,4,2,0,423,0.0000
Guinea,4,3,0,273,0.0000
Guinea,5,1,0,777,0.0000
Guinea,5,2,0,664,0.0000
Guinea,5,3,0,268,0.0000
Hong Kong,1,1,0,248,0.0000
Hong Kong,1,2,0,169,0.0000
Hong Kong,1,3,0,69,0.0000
Hong Kong,2,1,0,411,0.0000
Hong Kong,2,2,1,543,0.1842
Hong Kong,2,3,0,93,0.0000
Hong Kong,3,1,0,599,0.0000
Hong Kong,3,2,0,401,0.0000
Hong Kong,3,3,0,219,0.0000
Hong Kong,4,1,0,615,0.0000
Hong Kong,4,2,0,423,0.0000
Hong Kong,4,3,0,273,0.0000
Hong Kong,5,1,0,777,0.0000
Hong Kong,5,2,0,664,0.0000
Hong Kong,5,3,1,268,0.3731
Hungary,1,1,0,248,0.0000
Hungary,1,2,1,169,0.5917
Hungary,1,3,0,69,0.0000
Hungary,2,1,0,411,0.0000
Hungary,2,2,4,543,0.7366
Hungary,2,3,0,93,0.0000
Hungary,3,1,0,599,0.0000
Hungary,3,2,0,401,0.0000
Hungary,3,3,1,219,0.4566
Hungary,4,1,0,615,0.0000
Hungary,4,2,1,423,0.2364
Hungary,4,3,2,273,0.7326
Hungary,5,1,1,777,0.1287
Hungary,5,2,1,664,0.1506
Hungary,5,3,3,268,1.1194
Iceland,1,1,0,248,0.0000
Iceland,1,2,0,169,0.0000
Iceland,1,3,0,69,0.0000
Iceland,2,1,1,411,0.2433
Iceland,2,2,1,543,0.1842
Iceland,2,3,0,93,0.0000
Iceland,3,1,0,599,0.0000
Iceland,3,2,0,401,0.0000
Iceland,3,3,0,219,0.0000
Iceland,4,1,0,615,0.0000
Iceland,4,2,1,423,0.2364
Iceland,4,3,0,273,0.0000
Iceland,5,1,1,777,0.1287
Iceland,5,2,1,664,0.1506
Iceland,5,3,0,268,0.0000
India,1,1,5,248,2.0161
India,1,2,2,169,1.1834
India,1,3,1,69,1.4493
India,2,1,5,411,1.2165
India,2,2,17,543,3.1308
India,2,3,7,93,7.5269
India,3,1,4,599,0.6678
India,3,2,10,401,2.4938
India,3,3,13,219,5.9361
India,4,1,7,615,1.1382
India,4,2,13,423,3.0733
India,4,3,10,273,3.6630
India,5,1,13,777,1.6731
India,5,2,15,664,2.2590
India,5,3,18,268,6.7164
Indonesia,1,1,0,248,0.0000
Indonesia,1,2,1,169,0.5917
Indonesia,1,3,0,69,0.0000
Indonesia,2,1,0,411,0.0000
Indonesia,2,2,1,543,0.1842
Indonesia,2,3,0,93,0.0000
Indonesia,3,1,0,599,0.0000
Indonesia,3,2,2,401,0.4988
Indonesia,3,3,1,219,0.4566
Indonesia,4,1,0,615,0.0000
Indonesia,4,2,1,423,0.2364
Indonesia,4,3,3,273,1.0989
Indonesia,5,1,1,777,0.1287
Indonesia,5,2,0,664,0.0000
Indonesia,5,3,0,268,0.0000
Iran,1,1,0,248,0.0000
Iran,1,2,0,169,0.0000
Iran,1,3,0,69,0.0000
Iran,2,1,0,411,0.0000
Iran,2,2,0,543,0.0000
Iran,2,3,0,93,0.0000
Iran,3,1,0,599,0.0000
Iran,3,2,0,401,0.0000
Iran,3,3,0,219,0.0000
Iran,4,1,2,615,0.3252
Iran,4,2,1,423,0.2364
Iran,4,3,0,273,0.0000
Iran,5,1,1,777,0.1287
Iran,5,2,0,664,0.0000
Iran,5,3,1,268,0.3731
Ireland,1,1,0,248,0.0000
Ireland,1,2,1,169,0.5917
Ireland,1,3,0,69,0.0000
Ireland,2,1,0,411,0.0000
Ireland,2,2,0,543,0.0000
Ireland,2,3,0,93,0.0000
Ireland,3,1,0,599,0.0000
Ireland,3,2,0,401,0.0000
Ireland,3,3,0,219,0.0000
Ireland,4,1,0,615,0.0000
Ireland,4,2,3,423,0.7092
Ireland,4,3,1,273,0.3663
Ireland,5,1,1,777,0.1287
Ireland,5,2,1,664,0.1506
Ireland,5,3,0,268,0.0000
Israel,1,1,0,248,0.0000
Israel,1,2,1,169,0.5917
Israel,1,3,0,69,0.0000
Israel,2,1,1,411,0.2433
Israel,2,2,1,543,0.1842
Israel,2,3,0,93,0.0000
Israel,3,1,0,599,0.0000
Israel,3,2,1,401,0.2494
Israel,3,3,1,219,0.4566
Israel,4,1,0,615,0.0000
Israel,4,2,1,423,0.2364
Israel,4,3,0,273,0.0000
Israel,5,1,0,777,0.0000
Israel,5,2,0,664,0.0000
Israel,5,3,0,268,0.0000
Italy,1,1,0,248,0.0000
Italy,1,2,0,169,0.0000
Italy,1,3,1,69,1.4493
Italy,2,1,3,411,0.7299
Italy,2,2,5,543,0.9208
Italy,2,3,2,93,2.1505
Italy,3,1,5,599,0.8347
Italy,3,2,0,401,0.0000
Italy,3,3,1,219,0.4566
Italy,4,1,5,615,0.8130
Italy,4,2,5,423,1.1820
Italy,4,3,3,273,1.0989
Italy,5,1,6,777,0.7722
Italy,5,2,11,664,1.6566
Italy,5,3,7,268,2.6119
Jamaica,1,1,0,248,0.0000
Jamaica,1,2,0,169,0.0000
Jamaica,1,3,0,69,0.0000
Jamaica,2,1,0,411,0.0000
Jamaica,2,2,1,543,0.1842
Jamaica,2,3,0,93,0.0000
Jamaica,3,1,0,599,0.0000
Jamaica,3,2,0,401,0.0000
Jamaica,3,3,0,219,0.0000
Jamaica,4,1,1,615,0.1626
Jamaica,4,2,0,423,0.0000
Jamaica,4,3,0,273,0.0000
Jamaica,5,1,0,777,0.0000
Jamaica,5,2,1,664,0.1506
Jamaica,5,3,0,268,0.0000
Japan,1,1,5,248,2.0161
Japan,1,2,5,169,2.9586
Japan,1,3,5,69,7.2464
Japan,2,1,12,411,2.9197
Japan,2,2,21,543,3.8674
Japan,2,3,2,93,2.1505
Japan,3,1,16,599,2.6711
Japan,3,2,9,401,2.2444
Japan,3,3,15,219,6.8493
Japan,4,1,27,615,4.3902
Japan,4,2,9,423,2.1277
Japan,4,3,19,273,6.9597
Japan,5,1,27,777,3.4749
Japan,5,2,18,664,2.7108
Japan,5,3,9,268,3.3582
Kazakhstan,1,1,0,248,0.0000
Kazakhstan,1,2,0,169,0.0000
Kazakhstan,1,3,0,69,0.0000
Kazakhstan,2,1,0,411,0.0000
Kazakhstan,2,2,0,543,0.0000
Kazakhstan,2,3,0,93,0.0000
Kazakhstan,3,1,0,599,0.0000
Kazakhstan,3,2,1,401,0.2494
Kazakhstan,3,3,0,219,0.0000
Kazakhstan,4,1,0,615,0.0000
Kazakhstan,4,2,0,423,0.0000
Kazakhstan,4,3,0,273,0.0000
Kazakhstan,5,1,0,777,0.0000
Kazakhstan,5,2,0,664,0.0000
Kazakhstan,5,3,0,268,0.0000
Kenya,1,1,1,248,0.4032
Kenya,1,2,2,169,1.1834
Kenya,1,3,1,69,1.4493
Kenya,2,1,2,411,0.4866
Kenya,2,2,12,543,2.2099
Kenya,2,3,0,93,0.0000
Kenya,3,1,4,599,0.6678
Kenya,3,2,3,401,0.7481
Kenya,3,3,2,219,0.9132
Kenya,4,1,4,615,0.6504
Kenya,4,2,2,423,0.4728
Kenya,4,3,4,273,1.4652
Kenya,5,1,0,777,0.0000
Kenya,5,2,2,664,0.3012
Kenya,5,3,1,268,0.3731
Kiribati,1,1,0,248,0.0000
Kiribati,1,2,0,169,0.0000
Kiribati,1,3,0,69,0.0000
Kiribati,2,1,0,411,0.0000
Kiribati,2,2,0,543,0.0000
Kiribati,2,3,0,93,0.0000
Kiribati,3,1,0,599,0.0000
Kiribati,3,2,0,401,0.0000
Kiribati,3,3,0,219,0.0000
Kiribati,4,1,0,615,0.0000
Kiribati,4,2,0,423,0.0000
Kiribati,4,3,0,273,0.0000
Kiribati,5,1,0,777,0.0000
Kiribati,5,2,0,664,0.0000
Kiribati,5,3,0,268,0.0000
Kuwait,1,1,0,248,0.0000
Kuwait,1,2,0,169,0.0000
Kuwait,1,3,0,69,0.0000
Kuwait,2,1,0,411,0.0000
Kuwait,2,2,0,543,0.0000
Kuwait,2,3,0,93,0.0000
Kuwait,3,1,0,599,0.0000
Kuwait,3,2,0,401,0.0000
Kuwait,3,3,0,219,0.0000
Kuwait,4,1,0,615,0.0000
Kuwait,4,2,0,423,0.0000
Kuwait,4,3,0,273,0.0000
Kuwait,5,1,0,777,0.0000
Kuwait,5,2,0,664,0.0000
Kuwait,5,3,0,268,0.0000
Laos,1,1,0,248,0.0000
Laos,1,2,0,169,0.0000
Laos,1,3,0,69,0.0000
Laos,2,1,0,411,0.0000
Laos,2,2,0,543,0.0000
Laos,2,3,0,93,0.0000
Laos,3,1,0,599,0.0000
Laos,3,2,0,401,0.0000
Laos,3,3,0,219,0.0000
Laos,4,1,0,615,0.0000
Laos,4,2,1,423,0.2364
Laos,4,3,0,273,0.0000
Laos,5,1,0,777,0.0000
Laos,5,2,0,664,0.0000
Laos,5,3,0,268,0.0000
Lithuania,1,1,0,248,0.0000
Lithuania,1,2,0,169,0.0000
Lithuania,1,3,0,69,0.0000
Lithuania,2,1,0,411,0.0000
Lithuania,2,2,0,543,0.0000
Lithuania,2,3,0,93,0.0000
Lithuania,3,1,0,599,0.0000
Lithuania,3,2,0,401,0.0000
Lithuania,3,3,0,219,0.0000
Lithuania,4,1,0,615,0.0000
Lithuania,4,2,0,423,0.0000
Lithuania,4,3,1,273,0.3663
Lithuania,5,1,0,777,0.0000
Lithuania,5,2,0,664,0.0000
Lithuania,5,3,0,268,0.0000
Madagascar,1,1,0,248,0.0000
Madagascar,1,2,0,169,0.0000
Madagascar,1,3,0,69,0.0000
Madagascar,2,1,0,411,0.0000
Madagascar,2,2,0,543,0.0000
Madagascar,2,3,0,93,0.0000
Madagascar,3,1,0,599,0.0000
Madagascar,3,2,0,401,0.0000
Madagascar,3,3,0,219,0.0000
Madagascar,4,1,0,615,0.0000
Madagascar,4,2,0,423,0.0000
Madagascar,4,3,0,273,0.0000
Madagascar,5,1,0,777,0.0000
Madagascar,5,2,1,664,0.1506
Madagascar,5,3,0,268,0.0000
Malawi,1,1,0,248,0.0000
Malawi,1,2,0,169,0.0000
Malawi,1,3,0,69,0.0000
Malawi,2,1,0,411,0.0000
Malawi,2,2,1,543,0.1842
Malawi,2,3,0,93,0.0000
Malawi,3,1,0,599,0.0000
Malawi,3,2,0,401,0.0000
Malawi,3,3,0,219,0.0000
Malawi,4,1,0,615,0.0000
Malawi,4,2,0,423,0.0000
Malawi,4,3,0,273,0.0000
Malawi,5,1,0,777,0.0000
Malawi,5,2,0,664,0.0000
Malawi,5,3,0,268,0.0000
Malaysia,1,1,0,248,0.0000
Malaysia,1,2,0,169,0.0000
Malaysia,1,3,0,69,0.0000
Malaysia,2,1,0,411,0.0000
Malaysia,2,2,1,543,0.1842
Malaysia,2,3,0,93,0.0000
Malaysia,3,1,1,599,0.1669
Malaysia,3,2,1,401,0.2494
Malaysia,3,3,1,219,0.4566
Malaysia,4,1,0,615,0.0000
Malaysia,4,2,2,423,0.4728
Malaysia,4,3,0,273,0.0000
Malaysia,5,1,1,777,0.1287
Malaysia,5,2,2,664,0.3012
Malaysia,5,3,2,268,0.7463
Maldives,1,1,0,248,0.0000
Maldives,1,2,0,169,0.0000
Maldives,1,3,0,69,0.0000
Maldives,2,1,0,411,0.0000
Maldives,2,2,0,543,0.0000
Maldives,2,3,0,93,0.0000
Maldives,3,1,0,599,0.0000
Maldives,3,2,1,401,0.2494
Maldives,3,3,0,219,0.0000
Maldives,4,1,0,615,0.0000
Maldives,4,2,0,423,0.0000
Maldives,4,3,0,273,0.0000
Maldives,5,1,0,777,0.0000
Maldives,5,2,1,664,0.1506
Maldives,5,3,0,268,0.0000
Malta,1,1,0,248,0.0000
Malta,1,2,0,169,0.0000
Malta,1,3,2,69,2.8986
Malta,2,1,0,411,0.0000
Malta,2,2,0,543,0.0000
Malta,2,3,0,93,0.0000
Malta,3,1,0,599,0.0000
Malta,3,2,1,401,0.2494
Malta,3,3,0,219,0.0000
Malta,4,1,0,615,0.0000
Malta,4,2,1,423,0.2364
Malta,4,3,0,273,0.0000
Malta,5,1,0,777,0.0000
Malta,5,2,1,664,0.1506
Malta,5,3,0,268,0.0000
Mauritius,1,1,0,248,0.0000
Mauritius,1,2,0,169,0.0000
Mauritius,1,3,0,69,0.0000
Mauritius,2,1,0,411,0.0000
Mauritius,2,2,0,543,0.0000
Mauritius,2,3,0,93,0.0000
Mauritius,3,1,0,599,0.0000
Mauritius,3,2,1,401,0.2494
Mauritius,3,3,0,219,0.0000
Mauritius,4,1,0,615,0.0000
Mauritius,4,2,1,423,0.2364
Mauritius,4,3,0,273,0.0000
Mauritius,5,1,0,777,0.0000
Mauritius,5,2,0,664,0.0000
Mauritius,5,3,0,268,0.0000
Mexico,1,1,0,248,0.0000
Mexico,1,2,1,169,0.5917
Mexico,1,3,0,69,0.0000
Mexico,2,1,0,411,0.0000
Mexico,2,2,3,543,0.5525
Mexico,2,3,0,93,0.0000
Mexico,3,1,1,599,0.1669
Mexico,3,2,4,401,0.9975
Mexico,3,3,2,219,0.9132
Mexico,4,1,2,615,0.3252
Mexico,4,2,6,423,1.4184
Mexico,4,3,5,273,1.8315
Mexico,5,1,2,777,0.2574
Mexico,5,2,16,664,2.4096
Mexico,5,3,8,268,2.9851
Moldova,1,1,0,248,0.0000
Moldova,1,2,0,169,0.0000
Moldova,1,3,0,69,0.0000
Moldova,2,1,0,411,0.0000
Moldova,2,2,0,543,0.0000
Moldova,2,3,0,93,0.0000
Moldova,3,1,0,599,0.0000
Moldova,3,2,0,401,0.0000
Moldova,3,3,0,219,0.0000
Moldova,4,1,0,615,0.0000
Moldova,4,2,1,423,0.2364
Moldova,4,3,0,273,0.0000
Moldova,5,1,0,777,0.0000
Moldova,5,2,1,664,0.1506
Moldova,5,3,0,268,0.0000
Monaco,1,1,0,248,0.0000
Monaco,1,2,0,169,0.0000
Monaco,1,3,0,69,0.0000
Monaco,2,1,0,411,0.0000
Monaco,2,2,0,543,0.0000
Monaco,2,3,0,93,0.0000
Monaco,3,1,0,599,0.0000
Monaco,3,2,0,401,0.0000
Monaco,3,3,0,219,0.0000
Monaco,4,1,1,615,0.1626
Monaco,4,2,0,423,0.0000
Monaco,4,3,0,273,0.0000
Monaco,5,1,0,777,0.0000
Monaco,5,2,0,664,0.0000
Monaco,5,3,0,268,0.0000
Mongolia,1,1,0,248,0.0000
Mongolia,1,2,0,169,0.0000
Mongolia,1,3,0,69,0.0000
Mongolia,2,1,0,411,0.0000
Mongolia,2,2,0,543,0.0000
Mongolia,2,3,0,93,0.0000
Mongolia,3,1,0,599,0.0000
Mongolia,3,2,0,401,0.0000
Mongolia,3,3,0,219,0.0000
Mongolia,4,1,0,615,0.0000
Mongolia,4,2,1,423,0.2364
Mongolia,4,3,0,273,0.0000
Mongolia,5,1,0,777,0.0000
Mongolia,5,2,0,664,0.0000
Mongolia,5,3,0,268,0.0000
Montenegro,1,1,0,248,0.0000
Montenegro,1,2,0,169,0.0000
Montenegro,1,3,0,69,0.0000
Montenegro,2,1,0,411,0.0000
Montenegro,2,2,0,543,0.0000
Montenegro,2,3,0,93,0.0000
Montenegro,3,1,0,599,0.0000
Montenegro,3,2,0,401,0.0000
Montenegro,3,3,0,219,0.0000
Montenegro,4,1,0,615,0.0000
Montenegro,4,2,0,423,0.0000
Montenegro,4,3,0,273,0.0000
Montenegro,5,1,0,777,0.0000
Montenegro,5,2,0,664,0.0000
Montenegro,5,3,1,268,0.3731
Morocco,1,1,0,248,0.0000
Morocco,1,2,0,169,0.0000
Morocco,1,3,0,69,0.0000
Morocco,2,1,0,411,0.0000
Morocco,2,2,0,543,0.0000
Morocco,2,3,0,93,0.0000
Morocco,3,1,0,599,0.0000
Morocco,3,2,1,401,0.2494
Morocco,3,3,0,219,0.0000
Morocco,4,1,1,615,0.1626
Morocco,4,2,2,423,0.4728
Morocco,4,3,0,273,0.0000
Morocco,5,1,3,777,0.3861
Morocco,5,2,2,664,0.3012
Morocco,5,3,2,268,0.7463
Mozambique,1,1,0,248,0.0000
Mozambique,1,2,0,169,0.0000
Mozambique,1,3,0,69,0.0000
Mozambique,2,1,0,411,0.0000
Mozambique,2,2,0,543,0.0000
Mozambique,2,3,0,93,0.0000
Mozambique,3,1,0,599,0.0000
Mozambique,3,2,0,401,0.0000
Mozambique,3,3,0,219,0.0000
Mozambique,4,1,0,615,0.0000
Mozambique,4,2,1,423,0.2364
Mozambique,4,3,0,273,0.0000
Mozambique,5,1,0,777,0.0000
Mozambique,5,2,0,664,0.0000
Mozambique,5,3,0,268,0.0000
N/A,1,1,4,248,1.6129
N/A,1,2,59,169,34.9112
N/A,1,3,0,69,0.0000
N/A,2,1,1,411,0.2433
N/A,2,2,2,543,0.3683
N/A,2,3,3,93,3.2258
N/A,3,1,10,599,1.6694
N/A,3,2,155,401,38.6534
N/A,3,3,19,219,8.6758
N/A,4,1,0,615,0.0000
N/A,4,2,0,423,0.0000
N/A,4,3,0,273,0.0000
N/A,5,1,0,777,0.0000
N/A,5,2,0,664,0.0000
N/A,5,3,0,268,0.0000
Namibia,1,1,0,248,0.0000
Namibia,1,2,0,169,0.0000
Namibia,1,3,0,69,0.0000
Namibia,2,1,0,411,0.0000
Namibia,2,2,0,543,0.0000
Namibia,2,3,0,93,0.0000
Namibia,3,1,0,599,0.0000
Namibia,3,2,0,401,0.0000
Namibia,3,3,0,219,0.0000
Namibia,4,1,0,615,0.0000
Namibia,4,2,0,423,0.0000
Namibia,4,3,0,273,0.0000
Namibia,5,1,0,777,0.0000
Namibia,5,2,1,664,0.1506
Namibia,5,3,0,268,0.0000
Nepal,1,1,0,248,0.0000
Nepal,1,2,0,169,0.0000
Nepal,1,3,1,69,1.4493
Nepal,2,1,0,411,0.0000
Nepal,2,2,3,543,0.5525
Nepal,2,3,0,93,0.0000
Nepal,3,1,0,599,0.0000
Nepal,3,2,1,401,0.2494
Nepal,3,3,0,219,0.0000
Nepal,4,1,0,615,0.0000
Nepal,4,2,1,423,0.2364
Nepal,4,3,0,273,0.0000
Nepal,5,1,0,777,0.0000
Nepal,5,2,1,664,0.1506
Nepal,5,3,0,268,0.0000
Netherlands,1,1,5,248,2.0161
Netherlands,1,2,2,169,1.1834
Netherlands,1,3,5,69,7.2464
Netherlands,2,1,7,411,1.7032
Netherlands,2,2,15,543,2.7624
Netherlands,2,3,5,93,5.3763
Netherlands,3,1,11,599,1.8364
Netherlands,3,2,6,401,1.4963
Netherlands,3,3,12,219,5.4795
Netherlands,4,1,9,615,1.4634
Netherlands,4,2,11,423,2.6005
Netherlands,4,3,24,273,8.7912
Netherlands,5,1,27,777,3.4749
Netherlands,5,2,14,664,2.1084
Netherlands,5,3,10,268,3.7313
New Zealand,1,1,0,248,0.0000
New Zealand,1,2,4,169,2.3669
New Zealand,1,3,3,69,4.3478
New Zealand,2,1,3,411,0.7299
New Zealand,2,2,10,543,1.8416
New Zealand,2,3,0,93,0.0000
New Zealand,3,1,6,599,1.0017
New Zealand,3,2,6,401,1.4963
New Zealand,3,3,1,219,0.4566
New Zealand,4,1,8,615,1.3008
New Zealand,4,2,14,423,3.3097
New Zealand,4,3,3,273,1.0989
New Zealand,5,1,7,777,0.9009
New Zealand,5,2,19,664,2.8614
New Zealand,5,3,3,268,1.1194
Nigeria,1,1,2,248,0.8065
Nigeria,1,2,3,169,1.7751
Nigeria,1,3,0,69,0.0000
Nigeria,2,1,0,411,0.0000
Nigeria,2,2,1,543,0.1842
Nigeria,2,3,0,93,0.0000
Nigeria,3,1,0,599,0.0000
Nigeria,3,2,4,401,0.9975
Nigeria,3,3,1,219,0.4566
Nigeria,4,1,0,615,0.0000
Nigeria,4,2,3,423,0.7092
Nigeria,4,3,3,273,1.0989
Nigeria,5,1,1,777,0.1287
Nigeria,5,2,6,664,0.9036
Nigeria,5,3,0,268,0.0000
Norway,1,1,3,248,1.2097
Norway,1,2,2,169,1.1834
Norway,1,3,0,69,0.0000
Norway,2,1,3,411,0.7299
Norway,2,2,4,543,0.7366
Norway,2,3,2,93,2.1505
Norway,3,1,14,599,2.3372
Norway,3,2,3,401,0.7481
Norway,3,3,6,219,2.7397
Norway,4,1,13,615,2.1138
Norway,4,2,1,423,0.2364
Norway,4,3,5,273,1.8315
Norway,5,1,21,777,2.7027
Norway,5,2,18,664,2.7108
Norway,5,3,5,268,1.8657
Oman,1,1,0,248,0.0000
Oman,1,2,0,169,0.0000
Oman,1,3,0,69,0.0000
Oman,2,1,0,411,0.0000
Oman,2,2,0,543,0.0000
Oman,2,3,0,93,0.0000
Oman,3,1,0,599,0.0000
Oman,3,2,0,401,0.0000
Oman,3,3,0,219,0.0000
Oman,4,1,0,615,0.0000
Oman,4,2,0,423,0.0000
Oman,4,3,1,273,0.3663
Oman,5,1,1,777,0.1287
Oman,5,2,0,664,0.0000
Oman,5,3,0,268,0.0000
Pakistan,1,1,0,248,0.0000
Pakistan,1,2,0,169,0.0000
Pakistan,1,3,0,69,0.0000
Pakistan,2,1,0,411,0.0000
Pakistan,2,2,0,543,0.0000
Pakistan,2,3,1,93,1.0753
Pakistan,3,1,0,599,0.0000
Pakistan,3,2,0,401,0.0000
Pakistan,3,3,0,219,0.0000
Pakistan,4,1,0,615,0.0000
Pakistan,4,2,0,423,0.0000
Pakistan,4,3,0,273,0.0000
Pakistan,5,1,0,777,0.0000
Pakistan,5,2,1,664,0.1506
Pakistan,5,3,0,268,0.0000
Papua New Guinea,1,1,0,248,0.0000
Papua New Guinea,1,2,0,169,0.0000
Papua New Guinea,1,3,0,69,0.0000
Papua New Guinea,2,1,0,411,0.0000
Papua New Guinea,2,2,0,543,0.0000
Papua New Guinea,2,3,0,93,0.0000
Papua New Guinea,3,1,0,599,0.0000
Papua New Guinea,3,2,0,401,0.0000
Papua New Guinea,3,3,0,219,0.0000
Papua New Guinea,4,1,0,615,0.0000
Papua New Guinea,4,2,0,423,0.0000
Papua New Guinea,4,3,0,273,0.0000
Papua New Guinea,5,1,0,777,0.0000
Papua New Guinea,5,2,0,664,0.0000
Papua New Guinea,5,3,0,268,0.0000
Peru,1,1,0,248,0.0000
Peru,1,2,0,169,0.0000
Peru,1,3,0,69,0.0000
Peru,2,1,0,411,0.0000
Peru,2,2,6,543,1.1050
Peru,2,3,0,93,0.0000
Peru,3,1,0,599,0.0000
Peru,3,2,0,401,0.0000
Peru,3,3,3,219,1.3699
Peru,4,1,0,615,0.0000
Peru,4,2,1,423,0.2364
Peru,4,3,2,273,0.7326
Peru,5,1,0,777,0.0000
Peru,5,2,1,664,0.1506
Peru,5,3,0,268,0.0000
Philippines,1,1,1,248,0.4032
Philippines,1,2,1,169,0.5917
Philippines,1,3,0,69,0.0000
Philippines,2,1,0,411,0.0000
Philippines,2,2,2,543,0.3683
Philippines,2,3,0,93,0.0000
Philippines,3,1,1,599,0.1669
Philippines,3,2,2,401,0.4988
Philippines,3,3,0,219,0.0000
Philippines,4,1,0,615,0.0000
Philippines,4,2,4,423,0.9456
Philippines,4,3,0,273,0.0000
Philippines,5,1,0,777,0.0000
Philippines,5,2,6,664,0.9036
Philippines,5,3,0,268,0.0000
Poland,1,1,1,248,0.4032
Poland,1,2,1,169,0.5917
Poland,1,3,0,69,0.0000
Poland,2,1,0,411,0.0000
Poland,2,2,3,543,0.5525
Poland,2,3,0,93,0.0000
Poland,3,1,1,599,0.1669
Poland,3,2,1,401,0.2494
Poland,3,3,0,219,0.0000
Poland,4,1,0,615,0.0000
Poland,4,2,2,423,0.4728
Poland,4,3,0,273,0.0000
Poland,5,1,0,777,0.0000
Poland,5,2,2,664,0.3012
Poland,5,3,1,268,0.3731
Portugal,1,1,0,248,0.0000
Portugal,1,2,1,169,0.5917
Portugal,1,3,0,69,0.0000
Portugal,2,1,0,411,0.0000
Portugal,2,2,0,543,0.0000
Portugal,2,3,0,93,0.0000
Portugal,3,1,0,599,0.0000
Portugal,3,2,2,401,0.4988
Portugal,3,3,0,219,0.0000
Portugal,4,1,0,615,0.0000
Portugal,4,2,1,423,0.2364
Portugal,4,3,0,273,0.0000
Portugal,5,1,1,777,0.1287
Portugal,5,2,1,664,0.1506
Portugal,5,3,0,268,0.0000
Puerto Rico,1,1,0,248,0.0000
Puerto Rico,1,2,0,169,0.0000
Puerto Rico,1,3,0,69,0.0000
Puerto Rico,2,1,0,411,0.0000
Puerto Rico,2,2,0,543,0.0000
Puerto Rico,2,3,0,93,0.0000
Puerto Rico,3,1,0,599,0.0000
Puerto Rico,3,2,0,401,0.0000
Puerto Rico,3,3,0,219,0.0000
Puerto Rico,4,1,0,615,0.0000
Puerto Rico,4,2,1,423,0.2364
Puerto Rico,4,3,0,273,0.0000
Puerto Rico,5,1,0,777,0.0000
Puerto Rico,5,2,0,664,0.0000
Puerto Rico,5,3,0,268,0.0000
Qatar,1,1,0,248,0.0000
Qatar,1,2,0,169,0.0000
Qatar,1,3,0,69,0.0000
Qatar,2,1,0,411,0.0000
Qatar,2,2,0,543,0.0000
Qatar,2,3,0,93,0.0000
Qatar,3,1,0,599,0.0000
Qatar,3,2,0,401,0.0000
Qatar,3,3,0,219,0.0000
Qatar,4,1,0,615,0.0000
Qatar,4,2,0,423,0.0000
Qatar,4,3,0,273,0.0000
Qatar,5,1,1,777,0.1287
Qatar,5,2,0,664,0.0000
Qatar,5,3,0,268,0.0000
Romania,1,1,0,248,0.0000
Romania,1,2,0,169,0.0000
Romania,1,3,0,69,0.0000
Romania,2,1,0,411,0.0000
Romania,2,2,0,543,0.0000
Romania,2,3,0,93,0.0000
Romania,3,1,0,599,0.0000
Romania,3,2,0,401,0.0000
Romania,3,3,0,219,0.0000
Romania,4,1,2,615,0.3252
Romania,4,2,0,423,0.0000
Romania,4,3,0,273,0.0000
Romania,5,1,1,777,0.1287
Romania,5,2,1,664,0.1506
Romania,5,3,0,268,0.0000
Russian Federation,1,1,0,248,0.0000
Russian Federation,1,2,0,169,0.0000
Russian Federation,1,3,0,69,0.0000
Russian Federation,2,1,22,411,5.3528
Russian Federation,2,2,13,543,2.3941
Russian Federation,2,3,3,93,3.2258
Russian Federation,3,1,11,599,1.8364
Russian Federation,3,2,9,401,2.2444
Russian Federation,3,3,4,219,1.8265
Russian Federation,4,1,7,615,1.1382
Russian Federation,4,2,6,423,1.4184
Russian Federation,4,3,4,273,1.4652
Russian Federation,5,1,10,777,1.2870
Russian Federation,5,2,10,664,1.5060
Russian Federation,5,3,2,268,0.7463
Samoa,1,1,0,248,0.0000
Samoa,1,2,0,169,0.0000
Samoa,1,3,0,69,0.0000
Samoa,2,1,0,411,0.0000
Samoa,2,2,0,543,0.0000
Samoa,2,3,0,93,0.0000
Samoa,3,1,0,599,0.0000
Samoa,3,2,1,401,0.2494
Samoa,3,3,0,219,0.0000
Samoa,4,1,0,615,0.0000
Samoa,4,2,2,423,0.4728
Samoa,4,3,0,273,0.0000
Samoa,5,1,0,777,0.0000
Samoa,5,2,1,664,0.1506
Samoa,5,3,0,268,0.0000
Saudi Arabia,1,1,0,248,0.0000
Saudi Arabia,1,2,0,169,0.0000
Saudi Arabia,1,3,1,69,1.4493
Saudi Arabia,2,1,0,411,0.0000
Saudi Arabia,2,2,2,543,0.3683
Saudi Arabia,2,3,1,93,1.0753
Saudi Arabia,3,1,0,599,0.0000
Saudi Arabia,3,2,0,401,0.0000
Saudi Arabia,3,3,1,219,0.4566
Saudi Arabia,4,1,0,615,0.0000
Saudi Arabia,4,2,0,423,0.0000
Saudi Arabia,4,3,2,273,0.7326
Saudi Arabia,5,1,0,777,0.0000
Saudi Arabia,5,2,0,664,0.0000
Saudi Arabia,5,3,2,268,0.7463
Senegal,1,1,0,248,0.0000
Senegal,1,2,0,169,0.0000
Senegal,1,3,0,69,0.0000
Senegal,2,1,0,411,0.0000
Senegal,2,2,0,543,0.0000
Senegal,2,3,1,93,1.0753
Senegal,3,1,0,599,0.0000
Senegal,3,2,1,401,0.2494
Senegal,3,3,0,219,0.0000
Senegal,4,1,2,615,0.3252
Senegal,4,2,2,423,0.4728
Senegal,4,3,0,273,0.0000
Senegal,5,1,1,777,0.1287
Senegal,5,2,5,664,0.7530
Senegal,5,3,1,268,0.3731
Seychelles,1,1,0,248,0.0000
Seychelles,1,2,0,169,0.0000
Seychelles,1,3,0,69,0.0000
Seychelles,2,1,0,411,0.0000
Seychelles,2,2,0,543,0.0000
Seychelles,2,3,0,93,0.0000
Seychelles,3,1,0,599,0.0000
Seychelles,3,2,1,401,0.2494
Seychelles,3,3,0,219,0.0000
Seychelles,4,1,0,615,0.0000
Seychelles,4,2,2,423,0.4728
Seychelles,4,3,0,273,0.0000
Seychelles,5,1,0,777,0.0000
Seychelles,5,2,1,664,0.1506
Seychelles,5,3,0,268,0.0000
Sierra Leone,1,1,0,248,0.0000
Sierra Leone,1,2,0,169,0.0000
Sierra Leone,1,3,0,69,0.0000
Sierra Leone,2,1,0,411,0.0000
Sierra Leone,2,2,1,543,0.1842
Sierra Leone,2,3,1,93,1.0753
Sierra Leone,3,1,0,599,0.0000
Sierra Leone,3,2,0,401,0.0000
Sierra Leone,3,3,0,219,0.0000
Sierra Leone,4,1,0,615,0.0000
Sierra Leone,4,2,0,423,0.0000
Sierra Leone,4,3,1,273,0.3663
Sierra Leone,5,1,0,777,0.0000
Sierra Leone,5,2,1,664,0.1506
Sierra Leone,5,3,0,268,0.0000
Singapore,1,1,0,248,0.0000
Singapore,1,2,0,169,0.0000
Singapore,1,3,0,69,0.0000
Singapore,2,1,0,411,0.0000
Singapore,2,2,1,543,0.1842
Singapore,2,3,0,93,0.0000
Singapore,3,1,0,599,0.0000
Singapore,3,2,1,401,0.2494
Singapore,3,3,0,219,0.0000
Singapore,4,1,0,615,0.0000
Singapore,4,2,1,423,0.2364
Singapore,4,3,0,273,0.0000
Singapore,5,1,0,777,0.0000
Singapore,5,2,3,664,0.4518
Singapore,5,3,0,268,0.0000
Slovakia,1,1,0,248,0.0000
Slovakia,1,2,0,169,0.0000
Slovakia,1,3,0,69,0.0000
Slovakia,2,1,0,411,0.0000
Slovakia,2,2,0,543,0.0000
Slovakia,2,3,0,93,0.0000
Slovakia,3,1,0,599,0.0000
Slovakia,3,2,1,401,0.2494
Slovakia,3,3,0,219,0.0000
Slovakia,4,1,0,615,0.0000
Slovakia,4,2,0,423,0.0000
Slovakia,4,3,0,273,0.0000
Slovakia,5,1,0,777,0.0000
Slovakia,5,2,0,664,0.0000
Slovakia,5,3,0,268,0.0000
Slovenia,1,1,0,248,0.0000
Slovenia,1,2,0,169,0.0000
Slovenia,1,3,0,69,0.0000
Slovenia,2,1,0,411,0.0000
Slovenia,2,2,0,543,0.0000
Slovenia,2,3,0,93,0.0000
Slovenia,3,1,0,599,0.0000
Slovenia,3,2,0,401,0.0000
Slovenia,3,3,0,219,0.0000
Slovenia,4,1,0,615,0.0000
Slovenia,4,2,1,423,0.2364
Slovenia,4,3,0,273,0.0000
Slovenia,5,1,0,777,0.0000
Slovenia,5,2,1,664,0.1506
Slovenia,5,3,0,268,0.0000
South Africa,1,1,0,248,0.0000
South Africa,1,2,0,169,0.0000
South Africa,1,3,0,69,0.0000
South Africa,2,1,0,411,0.0000
South Africa,2,2,4,543,0.7366
South Africa,2,3,0,93,0.0000
South Africa,3,1,4,599,0.6678
South Africa,3,2,1,401,0.2494
South Africa,3,3,4,219,1.8265
South Africa,4,1,3,615,0.4878
South Africa,4,2,7,423,1.6548
South Africa,4,3,4,273,1.4652
South Africa,5,1,4,777,0.5148
South Africa,5,2,22,664,3.3133
South Africa,5,3,4,268,1.4925
South Korea,1,1,0,248,0.0000
South Korea,1,2,0,169,0.0000
South Korea,1,3,0,69,0.0000
South Korea,2,1,0,411,0.0000
South Korea,2,2,0,543,0.0000
South Korea,2,3,1,93,1.0753
South Korea,3,1,1,599,0.1669
South Korea,3,2,0,401,0.0000
South Korea,3,3,1,219,0.4566
South Korea,4,1,2,615,0.3252
South Korea,4,2,0,423,0.0000
South Korea,4,3,1,273,0.3663
South Korea,5,1,7,777,0.9009
South Korea,5,2,3,664,0.4518
South Korea,5,3,3,268,1.1194
Spain,1,1,0,248,0.0000
Spain,1,2,0,169,0.0000
Spain,1,3,0,69,0.0000
Spain,2,1,0,411,0.0000
Spain,2,2,2,543,0.3683
Spain,2,3,1,93,1.0753
Spain,3,1,3,599,0.5008
Spain,3,2,0,401,0.0000
Spain,3,3,0,219,0.0000
Spain,4,1,3,615,0.4878
Spain,4,2,3,423,0.7092
Spain,4,3,1,273,0.3663
Spain,5,1,13,777,1.6731
Spain,5,2,12,664,1.8072
Spain,5,3,4,268,1.4925
Sri Lanka,1,1,0,248,0.0000
Sri Lanka,1,2,0,169,0.0000
Sri Lanka,1,3,0,69,0.0000
Sri Lanka,2,1,0,411,0.0000
Sri Lanka,2,2,1,543,0.1842
Sri Lanka,2,3,1,93,1.0753
Sri Lanka,3,1,0,599,0.0000
Sri Lanka,3,2,1,401,0.2494
Sri Lanka,3,3,0,219,0.0000
Sri Lanka,4,1,0,615,0.0000
Sri Lanka,4,2,1,423,0.2364
Sri Lanka,4,3,1,273,0.3663
Sri Lanka,5,1,0,777,0.0000
Sri Lanka,5,2,1,664,0.1506
Sri Lanka,5,3,0,268,0.0000
Sudan,1,1,1,248,0.4032
Sudan,1,2,0,169,0.0000
Sudan,1,3,0,69,0.0000
Sudan,2,1,0,411,0.0000
Sudan,2,2,0,543,0.0000
Sudan,2,3,0,93,0.0000
Sudan,3,1,0,599,0.0000
Sudan,3,2,0,401,0.0000
Sudan,3,3,0,219,0.0000
Sudan,4,1,0,615,0.0000
Sudan,4,2,2,423,0.4728
Sudan,4,3,4,273,1.4652
Sudan,5,1,0,777,0.0000
Sudan,5,2,2,664,0.3012
Sudan,5,3,4,268,1.4925
Swaziland,1,1,0,248,0.0000
Swaziland,1,2,0,169,0.0000
Swaziland,1,3,0,69,0.0000
Swaziland,2,1,0,411,0.0000
Swaziland,2,2,0,543,0.0000
Swaziland,2,3,0,93,0.0000
Swaziland,3,1,0,599,0.0000
Swaziland,3,2,0,401,0.0000
Swaziland,3,3,0,219,0.0000
Swaziland,4,1,0,615,0.0000
Swaziland,4,2,0,423,0.0000
Swaziland,4,3,0,273,0.0000
Swaziland,5,1,1,777,0.1287
Swaziland,5,2,1,664,0.1506
Swaziland,5,3,0,268,0.0000
Sweden,1,1,4,248,1.6129
Sweden,1,2,0,169,0.0000
Sweden,1,3,0,69,0.0000
Sweden,2,1,5,411,1.2165
Sweden,2,2,9,543,1.6575
Sweden,2,3,2,93,2.1505
Sweden,3,1,7,599,1.1686
Sweden,3,2,4,401,0.9975
Sweden,3,3,1,219,0.4566
Sweden,4,1,5,615,0.8130
Sweden,4,2,7,423,1.6548
Sweden,4,3,0,273,0.0000
Sweden,5,1,6,777,0.7722
Sweden,5,2,9,664,1.3554
Sweden,5,3,2,268,0.7463
Switzerland,1,1,5,248,2.0161
Switzerland,1,2,0,169,0.0000
Switzerland,1,3,2,69,2.8986
Switzerland,2,1,7,411,1.7032
Switzerland,2,2,18,543,3.3149
Switzerland,2,3,3,93,3.2258
Switzerland,3,1,12,599,2.0033
Switzerland,3,2,2,401,0.4988
Switzerland,3,3,2,219,0.9132
Switzerland,4,1,19,615,3.0894
Switzerland,4,2,11,423,2.6005
Switzerland,4,3,1,273,0.3663
Switzerland,5,1,28,777,3.6036
Switzerland,5,2,6,664,0.9036
Switzerland,5,3,3,268,1.1194
Taiwan,1,1,0,248,0.0000
Taiwan,1,2,0,169,0.0000
Taiwan,1,3,0,69,0.0000
Taiwan,2,1,1,411,0.2433
Taiwan,2,2,0,543,0.0000
Taiwan,2,3,0,93,0.0000
Taiwan,3,1,0,599,0.0000
Taiwan,3,2,0,401,0.0000
Taiwan,3,3,0,219,0.0000
Taiwan,4,1,0,615,0.0000
Taiwan,4,2,0,423,0.0000
Taiwan,4,3,0,273,0.0000
Taiwan,5,1,0,777,0.0000
Taiwan,5,2,0,664,0.0000
Taiwan,5,3,0,268,0.0000
Tanzania,1,1,1,248,0.4032
Tanzania,1,2,0,169,0.0000
Tanzania,1,3,1,69,1.4493
Tanzania,2,1,0,411,0.0000
Tanzania,2,2,3,543,0.5525
Tanzania,2,3,0,93,0.0000
Tanzania,3,1,1,599,0.1669
Tanzania,3,2,0,401,0.0000
Tanzania,3,3,1,219,0.4566
Tanzania,4,1,0,615,0.0000
Tanzania,4,2,1,423,0.2364
Tanzania,4,3,0,273,0.0000
Tanzania,5,1,0,777,0.0000
Tanzania,5,2,3,664,0.4518
Tanzania,5,3,2,268,0.7463
Thailand,1,1,0,248,0.0000
Thailand,1,2,1,169,0.5917
Thailand,1,3,0,69,0.0000
Thailand,2,1,0,411,0.0000
Thailand,2,2,2,543,0.3683
Thailand,2,3,0,93,0.0000
Thailand,3,1,0,599,0.0000
Thailand,3,2,0,401,0.0000
Thailand,3,3,0,219,0.0000
Thailand,4,1,2,615,0.3252
Thailand,4,2,0,423,0.0000
Thailand,4,3,1,273,0.3663
Thailand,5,1,0,777,0.0000
Thailand,5,2,0,664,0.0000
Thailand,5,3,2,268,0.7463
The Gambia,1,1,0,248,0.0000
The Gambia,1,2,0,169,0.0000
The Gambia,1,3,0,69,0.0000
The Gambia,2,1,0,411,0.0000
The Gambia,2,2,0,543,0.0000
The Gambia,2,3,0,93,0.0000
The Gambia,3,1,0,599,0.0000
The Gambia,3,2,1,401,0.2494
The Gambia,3,3,0,219,0.0000
The Gambia,4,1,1,615,0.1626
The Gambia,4,2,0,423,0.0000
The Gambia,4,3,0,273,0.0000
The Gambia,5,1,0,777,0.0000
The Gambia,5,2,4,664,0.6024
The Gambia,5,3,0,268,0.0000
Togo,1,1,0,248,0.0000
Togo,1,2,0,169,0.0000
Togo,1,3,0,69,0.0000
Togo,2,1,0,411,0.0000
Togo,2,2,0,543,0.0000
Togo,2,3,0,93,0.0000
Togo,3,1,0,599,0.0000
Togo,3,2,0,401,0.0000
Togo,3,3,0,219,0.0000
Togo,4,1,0,615,0.0000
Togo,4,2,0,423,0.0000
Togo,4,3,0,273,0.0000
Togo,5,1,0,777,0.0000
Togo,5,2,0,664,0.0000
Togo,5,3,0,268,0.0000
Trinidad and Tobago,1,1,0,248,0.0000
Trinidad and Tobago,1,2,0,169,0.0000
Trinidad and Tobago,1,3,0,69,0.0000
Trinidad and Tobago,2,1,0,411,0.0000
Trinidad and Tobago,2,2,0,543,0.0000
Trinidad and Tobago,2,3,0,93,0.0000
Trinidad and Tobago,3,1,1,599,0.1669
Trinidad and Tobago,3,2,0,401,0.0000
Trinidad and Tobago,3,3,0,219,0.0000
Trinidad and Tobago,4,1,0,615,0.0000
Trinidad and Tobago,4,2,2,423,0.4728
Trinidad and Tobago,4,3,0,273,0.0000
Trinidad and Tobago,5,1,0,777,0.0000
Trinidad and Tobago,5,2,3,664,0.4518
Trinidad and Tobago,5,3,1,268,0.3731
Tunisia,1,1,0,248,0.0000
Tunisia,1,2,0,169,0.0000
Tunisia,1,3,0,69,0.0000
Tunisia,2,1,0,411,0.0000
Tunisia,2,2,1,543,0.1842
Tunisia,2,3,0,93,0.0000
Tunisia,3,1,0,599,0.0000
Tunisia,3,2,0,401,0.0000
Tunisia,3,3,0,219,0.0000
Tunisia,4,1,0,615,0.0000
Tunisia,4,2,0,423,0.0000
Tunisia,4,3,1,273,0.3663
Tunisia,5,1,0,777,0.0000
Tunisia,5,2,2,664,0.3012
Tunisia,5,3,0,268,0.0000
Turkey,1,1,0,248,0.0000
Turkey,1,2,0,169,0.0000
Turkey,1,3,0,69,0.0000
Turkey,2,1,0,411,0.0000
Turkey,2,2,0,543,0.0000
Turkey,2,3,0,93,0.0000
Turkey,3,1,0,599,0.0000
Turkey,3,2,0,401,0.0000
Turkey,3,3,0,219,0.0000
Turkey,4,1,0,615,0.0000
Turkey,4,2,2,423,0.4728
Turkey,4,3,1,273,0.3663
Turkey,5,1,1,777,0.1287
Turkey,5,2,0,664,0.0000
Turkey,5,3,0,268,0.0000
Turkmenistan,1,1,0,248,0.0000
Turkmenistan,1,2,0,169,0.0000
Turkmenistan,1,3,0,69,0.0000
Turkmenistan,2,1,0,411,0.0000
Turkmenistan,2,2,1,543,0.1842
Turkmenistan,2,3,0,93,0.0000
Turkmenistan,3,1,0,599,0.0000
Turkmenistan,3,2,0,401,0.0000
Turkmenistan,3,3,0,219,0.0000
Turkmenistan,4,1,0,615,0.0000
Turkmenistan,4,2,0,423,0.0000
Turkmenistan,4,3,0,273,0.0000
Turkmenistan,5,1,0,777,0.0000
Turkmenistan,5,2,0,664,0.0000
Turkmenistan,5,3,0,268,0.0000
Uganda,1,1,0,248,0.0000
Uganda,1,2,0,169,0.0000
Uganda,1,3,0,69,0.0000
Uganda,2,1,0,411,0.0000
Uganda,2,2,0,543,0.0000
Uganda,2,3,1,93,1.0753
Uganda,3,1,0,599,0.0000
Uganda,3,2,1,401,0.2494
Uganda,3,3,0,219,0.0000
Uganda,4,1,0,615,0.0000
Uganda,4,2,0,423,0.0000
Uganda,4,3,0,273,0.0000
Uganda,5,1,0,777,0.0000
Uganda,5,2,0,664,0.0000
Uganda,5,3,1,268,0.3731
Ukraine,1,1,0,248,0.0000
Ukraine,1,2,0,169,0.0000
Ukraine,1,3,0,69,0.0000
Ukraine,2,1,0,411,0.0000
Ukraine,2,2,0,543,0.0000
Ukraine,2,3,0,93,0.0000
Ukraine,3,1,0,599,0.0000
Ukraine,3,2,0,401,0.0000
Ukraine,3,3,0,219,0.0000
Ukraine,4,1,0,615,0.0000
Ukraine,4,2,1,423,0.2364
Ukraine,4,3,0,273,0.0000
Ukraine,5,1,0,777,0.0000
Ukraine,5,2,1,664,0.1506
Ukraine,5,3,1,268,0.3731
United Kingdom,1,1,44,248,17.7419
United Kingdom,1,2,5,169,2.9586
United Kingdom,1,3,5,69,7.2464
United Kingdom,2,1,44,411,10.7056
United Kingdom,2,2,42,543,7.7348
United Kingdom,2,3,5,93,5.3763
United Kingdom,3,1,59,599,9.8497
United Kingdom,3,2,26,401,6.4838
United Kingdom,3,3,16,219,7.3059
United Kingdom,4,1,80,615,13.0081
United Kingdom,4,2,52,423,12.2931
United Kingdom,4,3,13,273,4.7619
United Kingdom,5,1,113,777,14.5431
United Kingdom,5,2,69,664,10.3916
United Kingdom,5,3,18,268,6.7164
Uruguay,1,1,0,248,0.0000
Uruguay,1,2,0,169,0.0000
Uruguay,1,3,0,69,0.0000
Uruguay,2,1,0,411,0.0000
Uruguay,2,2,0,543,0.0000
Uruguay,2,3,0,93,0.0000
Uruguay,3,1,0,599,0.0000
Uruguay,3,2,0,401,0.0000
Uruguay,3,3,0,219,0.0000
Uruguay,4,1,0,615,0.0000
Uruguay,4,2,1,423,0.2364
Uruguay,4,3,2,273,0.7326
Uruguay,5,1,0,777,0.0000
Uruguay,5,2,0,664,0.0000
Uruguay,5,3,0,268,0.0000
USA,1,1,92,248,37.0968
USA,1,2,23,169,13.6095
USA,1,3,19,69,27.5362
USA,2,1,177,411,43.0657
USA,2,2,167,543,30.7551
USA,2,3,30,93,32.2581
USA,3,1,238,599,39.7329
USA,3,2,50,401,12.4688
USA,3,3,53,219,24.2009
USA,4,1,227,615,36.9106
USA,4,2,77,423,18.2033
USA,4,3,55,273,20.1465
USA,5,1,248,777,31.9176
USA,5,2,133,664,20.0301
USA,5,3,49,268,18.2836
USSR,1,1,8,248,3.2258
USSR,1,2,9,169,5.3254
USSR,1,3,1,69,1.4493
USSR,2,1,0,411,0.0000
USSR,2,2,0,543,0.0000
USSR,2,3,0,93,0.0000
USSR,3,1,0,599,0.0000
USSR,3,2,0,401,0.0000
USSR,3,3,0,219,0.0000
USSR,4,1,0,615,0.0000
USSR,4,2,0,423,0.0000
USSR,4,3,0,273,0.0000
USSR,5,1,0,777,0.0000
USSR,5,2,0,664,0.0000
USSR,5,3,0,268,0.0000
Uzbekistan,1,1,0,248,0.0000
Uzbekistan,1,2,0,169,0.0000
Uzbekistan,1,3,0,69,0.0000
Uzbekistan,2,1,0,411,0.0000
Uzbekistan,2,2,0,543,0.0000
Uzbekistan,2,3,0,93,0.0000
Uzbekistan,3,1,0,599,0.0000
Uzbekistan,3,2,1,401,0.2494
Uzbekistan,3,3,0,219,0.0000
Uzbekistan,4,1,0,615,0.0000
Uzbekistan,4,2,0,423,0.0000
Uzbekistan,4,3,0,273,0.0000
Uzbekistan,5,1,0,777,0.0000
Uzbekistan,5,2,0,664,0.0000
Uzbekistan,5,3,0,268,0.0000
Venezuela,1,1,0,248,0.0000
Venezuela,1,2,0,169,0.0000
Venezuela,1,3,0,69,0.0000
Venezuela,2,1,1,411,0.2433
Venezuela,2,2,5,543,0.9208
Venezuela,2,3,0,93,0.0000
Venezuela,3,1,2,599,0.3339
Venezuela,3,2,2,401,0.4988
Venezuela,3,3,0,219,0.0000
Venezuela,4,1,0,615,0.0000
Venezuela,4,2,2,423,0.4728
Venezuela,4,3,0,273,0.0000
Venezuela,5,1,0,777,0.0000
Venezuela,5,2,2,664,0.3012
Venezuela,5,3,0,268,0.0000
Vietnam,1,1,0,248,0.0000
Vietnam,1,2,1,169,0.5917
Vietnam,1,3,0,69,0.0000
Vietnam,2,1,0,411,0.0000
Vietnam,2,2,1,543,0.1842
Vietnam,2,3,0,93,0.0000
Vietnam,3,1,1,599,0.1669
Vietnam,3,2,0,401,0.0000
Vietnam,3,3,0,219,0.0000
Vietnam,4,1,0,615,0.0000
Vietnam,4,2,2,423,0.4728
Vietnam,4,3,0,273,0.0000
Vietnam,5,1,0,777,0.0000
Vietnam,5,2,2,664,0.3012
Vietnam,5,3,0,268,0.0000
Zambia,1,1,0,248,0.0000
Zambia,1,2,0,169,0.0000
Zambia,1,3,0,69,0.0000
Zambia,2,1,0,411,0.0000
Zambia,2,2,0,543,0.0000
Zambia,2,3,0,93,0.0000
Zambia,3,1,1,599,0.1669
Zambia,3,2,0,401,0.0000
Zambia,3,3,1,219,0.4566
Zambia,4,1,0,615,0.0000
Zambia,4,2,0,423,0.0000
Zambia,4,3,1,273,0.3663
Zambia,5,1,3,777,0.3861
Zambia,5,2,0,664,0.0000
Zambia,5,3,2,268,0.7463
Zimbabwe,1,1,0,248,0.0000
Zimbabwe,1,2,0,169,0.0000
Zimbabwe,1,3,1,69,1.4493
Zimbabwe,2,1,0,411,0.0000
Zimbabwe,2,2,3,543,0.5525
Zimbabwe,2,3,1,93,1.0753
Zimbabwe,3,1,1,599,0.1669
Zimbabwe,3,2,1,401,0.2494
Zimbabwe,3,3,0,219,0.0000
Zimbabwe,4,1,0,615,0.0000
Zimbabwe,4,2,1,423,0.2364
Zimbabwe,4,3,0,273,0.0000
Zimbabwe,5,1,0,777,0.0000
Zimbabwe,5,2,2,664,0.3012
Zimbabwe,5,3,1,268,0.3731
