id,country_id,Country (INFO),institution_id,Institution (INFO)
2,2,Albania,1,N/A
877,3,Algeria,877,Institut Hydrométéorologique de Formation et de Recherches (IHFR)
3,3,Algeria,1,N/A
1096,4,Antigua and Barbuda,1096,Antigua Public Utilities Authority (APUA)
4,4,Antigua and Barbuda,1,N/A
650,5,Argentina,650,Business Council for Sustainable Development Argentina
355,5,Argentina,355,Fundacion Bariloche
1147,5,Argentina,1147,Fundacion Instituto Latinoamericano de Politicas Sociales (ILAPS)
1350,5,Argentina,1350,Instituto Antartico Argentino
748,5,Argentina,748,"Instituto Argentino de Nivología,Glaciología y Ciencias Ambientales"
407,5,Argentina,407,Instituto Nacional de Tecnologia Agropecuaria (INTA)
1095,5,Argentina,1095,Instituto Oswaldo Cruz
614,5,Argentina,614,Instituto Torcuato di Tella
5,5,Argentina,1,N/A
170,5,Argentina,170,Universidad de Buenos Aires
520,5,Argentina,520,"Universidad del CEMA,Buenos Aires"
793,5,Argentina,793,Universidad Nacional de Córdoba
1107,5,Argentina,1107,Universidad Nacional de la Plata
943,5,Argentina,943,Universidad Nacional de San Luis
503,5,Argentina,503,Universidad Nacional del Centro de la Provincia de Buenos Aires
907,6,Australia,907,Allen Consulting Group
154,6,Australia,154,Antarctic Climate and Ecosystems Cooperative Research Centre
330,6,Australia,330,Australian Antarctic Division
491,6,Australia,491,Australian Bureau of Agricultural and Resource Economics (ABARE)
157,6,Australia,157,Australian Bureau of Meteorology
645,6,Australia,645,Australian Centre for Sustainable Mining Practices (ACSMP)
1121,6,Australia,1121,Australian Institute of Marine Science (AIMS)
230,6,Australia,230,Australian National University
1118,6,Australia,1118,BHP-Billiton Newcastle Research Laboratories
250,6,Australia,250,Bureau of Meteorology
171,6,Australia,171,Commonwealth Scientific and Industrial Research Organization (CSIRO)
422,6,Australia,422,Consultant
926,6,Australia,926,CRA International
610,6,Australia,610,Curtin University
1242,6,Australia,1242,"Department of Education,Science and Training"
1305,6,Australia,1305,Department of Primary Industries and Energy
1106,6,Australia,1106,Environment Australia
311,6,Australia,311,Griffith University
1355,6,Australia,1355,Huonbrook Environment and Heritage
785,6,Australia,785,Insurance Australia Group
811,6,Australia,811,James Cook University
368,6,Australia,368,Macquarie University
216,6,Australia,216,Monash University
559,6,Australia,559,Murdoch University
6,6,Australia,1,N/A
1098,6,Australia,1098,Queensland Centre for Climate Applications (QCCA)/
807,6,Australia,807,University of Adelaide
300,6,Australia,300,University of Melbourne
244,6,Australia,244,University of New England
125,6,Australia,125,University of New South Wales
365,6,Australia,365,University of Queensland
998,6,Australia,998,University of Sydney
163,6,Australia,163,University of Tasmania
794,6,Australia,794,University of Western Australia
757,6,Australia,757,University of Wollongong
374,6,Australia,374,Victoria University
356,6,Australia,356,World Bank
556,7,Austria,556,Alpen Adria University
497,7,Austria,497,Austrian Energy Agency (AEA)
663,7,Austria,663,Central Institute for Meteorology and Geodynamics
955,7,Austria,955,Federal Ministry for Environment
980,7,Austria,470,International Atomic Energy Agency (IAEA)
376,7,Austria,376,International Institute for Applied Systems Analysis (IIASA)
906,7,Austria,906,Joanneum Research Graz
7,7,Austria,1,N/A
601,7,Austria,601,University of Graz
221,7,Austria,221,University of Innsbruck
1301,7,Austria,1301,University of Technology Graz
1027,7,Austria,1027,University of Vienna
763,8,Bangladesh,763,Bangladesh Centre for Advanced Studies (BCAS)
1366,8,Bangladesh,1366,Bangladesh Institute of Development Studies (BIDS)
761,8,Bangladesh,761,Bangladesh Unnayan Parishad (BUP)
499,8,Bangladesh,499,Bright Green Energy Foundation
369,8,Bangladesh,288,International Institute for Environment and Development (IIED)
8,8,Bangladesh,1,N/A
574,8,Bangladesh,574,North South University
291,8,Bangladesh,291,United Nations Environment Programme (UNEP)
815,8,Bangladesh,815,University of Chittagong
435,9,Barbados,435,International policy center for inclusive growth
9,9,Barbados,1,N/A
423,9,Barbados,289,University of the West Indies
1051,10,Belgium,1051,Belgian Institute for Space Aeronomy
910,10,Belgium,910,Facultés Universitaires Catholique de Mons
10,10,Belgium,1,N/A
1282,10,Belgium,1282,Royal Meteorological Institute
194,10,Belgium,194,Université Catholique de Louvain
1036,10,Belgium,1036,Universiteit Antwerpen
649,10,Belgium,649,University of Antwerp
733,10,Belgium,733,University of Liege
214,10,Belgium,214,Vrije Universiteit Brussel
885,11,Belize,885,Caribbean Community Climate Change Centre
11,11,Belize,1,N/A
1082,12,Benin,1082,Benin National Meteorological Service
12,12,Benin,1,N/A
1278,12,Benin,1278,National University of Benin
759,12,Benin,759,University of Abomey-Calavi
1246,13,Bermuda,1246,Bermuda Biological Research Station
665,13,Bermuda,665,Bermuda Institute of Ocean Sciences
13,13,Bermuda,1,N/A
788,14,Bolivia,788,Ministry of Sustainable Development
14,14,Bolivia,1,N/A
654,15,Botswana,654,Energy Environment Computer and Geophysical Applications Group (EECG Consultants)
15,15,Botswana,1,N/A
151,15,Botswana,151,University of Botswana
1046,16,Brazil,1046,Agencia Espacial Brasileira
1195,16,Brazil,1195,Biomass Users Network (BUN)
986,16,Brazil,986,Centro de Sensoriamento Remoto
453,16,Brazil,453,Conservation International
836,16,Brazil,836,Esquel Group Foundation Brazil (FGEB)
342,16,Brazil,342,Federal University of Rio de Janeiro
1378,16,Brazil,1378,Fundacao Getulio Vargas
802,16,Brazil,802,Instituto Nacional de Pesquisas da Amazonia
596,16,Brazil,596,Ministry of Science and Technology
16,16,Brazil,1,N/A
173,16,Brazil,173,National Institute for Space Research (INPE)
329,16,Brazil,329,Oswaldo Cruz Foundation (FIOCRUZ)
551,16,Brazil,551,Pontifical Catholic University of Rio de Janeiro
628,16,Brazil,628,Research Institute for Applied Economics (IPEA)
594,16,Brazil,594,São Paulo State Environment Secretariat
1336,16,Brazil,324,United Nations Development Programme (UNDP)
1414,16,Brazil,1414,Universidade do Estado de Sao Paulo
1180,16,Brazil,1180,Universidade Estadual de Campinas (UNICAMP)
842,16,Brazil,842,Universidade Estadual Paulista
512,16,Brazil,512,University of Brasília
158,16,Brazil,158,University of Sao Paulo
609,17,Bulgaria,609,Burgas University
17,17,Bulgaria,1,N/A
18,18,Cambodia,1,N/A
19,19,Cameroon,1,N/A
417,19,Cameroon,324,United Nations Development Programme (UNDP)
941,20,Canada,941,Agriculture and Agri-Food Canada (AAFC)
803,20,Canada,803,Bedford Institute of Oceanography
908,20,Canada,908,British Columbia Ministry of Environment
919,20,Canada,919,Canada Centre for Remote Sensing
781,20,Canada,781,Canadian Climate Program Board
310,20,Canada,310,Carleton University
494,20,Canada,494,Concordia University
657,20,Canada,657,Consortium Ouranos
728,20,Canada,728,Dalhousie University
620,20,Canada,620,"Ecosystem Sciences Branch,Department of Fisheries and Oceans"
164,20,Canada,164,Environment Canada
1236,20,Canada,1236,ESSA Ltd
676,20,Canada,676,Fisheries and Oceans Canada
741,20,Canada,741,Geological Survey of Canada
934,20,Canada,934,Hardner & Gullison Associates LLC
395,20,Canada,332,Independent Consultant
385,20,Canada,385,Institute for Catastrophic Loss Reduction
197,20,Canada,197,Institute of Ocean Sciences
924,20,Canada,924,International Institute for Sustainable Development
535,20,Canada,535,Margaree Consultants Inc.
735,20,Canada,735,McGill University
869,20,Canada,869,Memorial University of Newfoundland
20,20,Canada,1,N/A
790,20,Canada,790,Natural Resources Canada
1043,20,Canada,1043,Northern Geothermal
818,20,Canada,331,Organization for Economic Cooperation and Development (OECD)
1088,20,Canada,1088,Pacific Biological Station
283,20,Canada,283,Pacific Climate Impacts Consortium (PCIC)
1241,20,Canada,1241,Pacific Geoscience Centre
1391,20,Canada,1391,Quebec
1152,20,Canada,1152,Saskatchewan Research Council
787,20,Canada,787,Simon Fraser University
328,20,Canada,328,Trent University
705,20,Canada,705,Université du Quebec a Montreal
335,20,Canada,335,University of Alberta
326,20,Canada,326,University of British Columbia
719,20,Canada,719,University of Calgary
861,20,Canada,861,University of Guelph
238,20,Canada,238,University of Ottawa
714,20,Canada,714,University of Quebec at Montreal
313,20,Canada,313,University of Toronto
277,20,Canada,277,University of Victoria
766,20,Canada,766,University of Waterloo
1104,20,Canada,1104,University of Windsor
1045,20,Canada,1045,York University Canada
858,21,Chad,858,Centre Régional AGRHYMET
882,21,Chad,882,ICRISAT
21,21,Chad,1,N/A
672,22,Chile,672,Centro de Estudios Cientificos (CECS)
172,22,Chile,172,Direccion Meteorologica de Chile
1087,22,Chile,332,Independent Consultant
22,22,Chile,1,N/A
410,22,Chile,410,Pontificia Universidad Catolica de Chile
895,22,Chile,895,UN Economic Commission for LatinAmerican and the Caribbean (ECLAC)
144,22,Chile,144,University of Chile
399,23,China,399,Agro-environment and Sustainable Development Institute
1119,23,China,1119,Agrometeorology Institute
190,23,China,190,Beijing Normal University
484,23,China,484,"Center for Strategic Environmental Assessment, Nankai University"
953,23,China,953,China Academy of Building Research
563,23,China,563,China Academy of Urban Planning and Design (CAUPD)
651,23,China,651,"China CDM Fund Management Center,Ministry of Finance"
1276,23,China,1276,China Institute for Marine Development Strategy
485,23,China,485,China Institute of Water Resources and Hydropower Research
187,23,China,187,China Meteorological Administration
833,23,China,833,China Water Information Centre
820,23,China,820,Chinese Academy of Agricultural Science
1288,23,China,1288,Chinese Academy of Forestry
233,23,China,233,Chinese Academy of Sciences
492,23,China,492,Chinese Academy of Social Sciences (CASS)
401,23,China,401,Chinese Center for Disease Control and Prevention
351,23,China,351,Chinese Institute of Environment and Sustainable Development in Agriculture
928,23,China,928,Chinese Research Academy of Environmental Science
830,23,China,830,City University of Hong Kong
525,23,China,525,Energy Research Institute
1317,23,China,1317,Forestry University of Beijing
713,23,China,713,Hong Kong Observatory
772,23,China,772,Huazhong Agricultural University
1120,23,China,1120,Hydrological Forecasting and Water Control Center
406,23,China,406,Institute of Environment and Sustainable Development in Agriculture
918,23,China,918,Institute of Soil Science Chinese Academy of Sciences
213,23,China,213,Lanzhou University
1263,23,China,1263,Meteorological Institute
1381,23,China,1381,Ministry of Power Industry
1154,23,China,1154,Ministry of Water Resources
23,23,China,1,N/A
971,23,China,971,Nanjing Agricultural University
1058,23,China,1058,Nanjing University
655,23,China,655,National Center for Climate Strategy Study and International Cooperation (NRDC)
1213,23,China,1213,National Meteorological Centre
140,23,China,140,Peking University
999,23,China,999,Renmin University of China
1117,23,China,1117,Second Institute of Oceanography
483,23,China,483,Shenyang Agricultural University
896,23,China,896,South China Sea Institute of Oceanology
1212,23,China,1212,State Environmental Protection Administration
141,23,China,141,State Key Laboratory for Cryospheric Science
1398,23,China,1398,State Meteorological Administration
314,23,China,314,Third Institute of Oceanography Chinese State Oceanic Administration
800,23,China,800,Tongji University
516,23,China,516,Tsinghua University
834,23,China,834,United Nations Development Programme (UNDP) - GEF
972,23,China,972,USDA Forest Service
476,24,Colombia,476,Inter-American Development Bank
552,24,Colombia,376,International Institute for Applied Systems Analysis (IIASA)
24,24,Colombia,1,N/A
319,24,Colombia,319,Universidad Nacional de Colombia
25,25,Costa Rica,1,N/A
783,25,Costa Rica,783,National Meteorological Institute
318,25,Costa Rica,318,Organization of American States
555,25,Costa Rica,555,Universidad de Costa Rica
973,26,Cuba,973,Centro de Investigaciones de Economia Mundial (CIEM)
463,26,Cuba,463,Cuban Environment Agency
643,26,Cuba,643,Cuban Observatory for Science and Technology
1269,26,Cuba,1269,Forestry Research Institute
592,26,Cuba,592,Havana University Centre for Environmental Studies
1207,26,Cuba,1207,Ministerio de Ciencia
923,26,Cuba,923,Ministery of Science Technology and the Environment
489,26,Cuba,489,"Ministry of Science,Technology and Environment"
26,26,Cuba,1,N/A
1010,27,Czech Republic,1010,Masaryk University
27,27,Czech Republic,1,N/A
856,28,Denmark,856,Danish Institute of Agricultural Sciences
179,28,Denmark,179,Danish Meteorological Institute
1358,28,Denmark,1358,Geological Survey of Greenland
1413,28,Denmark,1413,Institute of Plant Ecology
777,28,Denmark,777,International Council for the Exploration of the Sea
28,28,Denmark,1,N/A
817,28,Denmark,817,National Environmental Research Institute
506,28,Denmark,506,Risoe National Laboratory
1353,28,Denmark,1353,Roskilde University
540,28,Denmark,557,Technical University of Denmark
440,28,Denmark,440,University of Copenhagen
29,29,Ecuador,1,N/A
770,30,Egypt,770,Central Laboratory for Agricultural Climate
493,30,Egypt,493,Egyptian Environmental Affairs Agency
488,30,Egypt,488,Integral Environmental Solutions
30,30,Egypt,1,N/A
345,30,Egypt,345,National Water Research Center
286,30,Egypt,286,University of Alexandria
31,31,El Salvador,1,N/A
32,32,Ethiopia,1,N/A
1421,32,Ethiopia,1421,National Meteorological Services Agency
33,33,Fiji,1,N/A
480,33,Fiji,480,Secretariat of the Pacific Community - Applied Geoscience and Technology Division (SOPAC)
847,33,Fiji,847,South Pacific Regional Environment Programme
961,34,Finland,961,Benviroc Ltd
1187,34,Finland,1187,European Forest Institute
322,34,Finland,322,Finnish Environment Institute
946,34,Finland,946,Finnish Forest Research Institute
223,34,Finland,223,Finnish Meteorological Institute
359,34,Finland,359,MTT Agrifood Research Finland
34,34,Finland,1,N/A
1321,34,Finland,1321,National Public Health Institute
974,34,Finland,974,Statistics Finland
994,34,Finland,994,Technical Research Centre of Finland
564,34,Finland,564,"United Nations University,World Institute for Development Economics Research"
1307,34,Finland,1307,University of Finland
274,34,Finland,274,University of Helsinki
824,34,Finland,824,University of Joensuu
1018,35,France,1018,CEA
1314,35,France,1314,CEFE
1274,35,France,1274,Center d'Etude Spatiale du Rayonnement
1223,35,France,1223,Centre des Faibles Radioactivites
587,35,France,587,Centre international de recherche sur l'environnement et le développement (CIRED)
352,35,France,352,Centre National de la Recherche Scientifique (CNRS)
1221,35,France,1221,Centre National de Recherches Meteorologiques
979,35,France,979,CSTB Building Research Center
1393,35,France,1393,Direction de la Meteorologie Nationale
1249,35,France,1249,Electricite de France (EDF)
796,35,France,796,Environnement Conseil (TEC)
745,35,France,745,European Centre for Research and Advanced Training in Scientific Computation
1277,35,France,1277,IFREMER
1171,35,France,1171,Institut d'Economie et de Politique de l'Energie
1239,35,France,1239,Institut de Mecanique de Grenoble
306,35,France,306,Institut de Recherche pour le Developpement (IRD)
456,35,France,456,Institut National de la Recherche Agronomique (INRA)
1397,35,France,1397,Institut National des Sciences de l'Univers
167,35,France,167,Institut Pierre Simon Laplace (IPSL)
911,35,France,911,International Energy Agency
883,35,France,883,Laboratoire d'Ecologie Alpine UMR-CNRS
174,35,France,174,Laboratoire d'Etudes en Géophysique et Océanographie Spatiale (LEGOS)
1008,35,France,1008,Laboratoire d'Optique Atmospherique
228,35,France,228,Laboratoire de Glaciologie et Geophysique de l'Environement (LGGE)
257,35,France,257,Laboratoire de Glaciologie et Géophysique de l'Environnement (LGGE)
1232,35,France,1232,LMCE/DSM
249,35,France,249,Météo-France
35,35,France,1,N/A
874,35,France,874,National Institute for Agricultural Research
1135,35,France,1135,Nice University
331,35,France,331,Organization for Economic Cooperation and Development (OECD)
1293,35,France,1293,ORSTOM
1287,35,France,1287,St. Jerome Institut Mediterranean
776,35,France,776,Universite de Bourgogne
344,35,France,344,Universite de La Rochelle - National Centre for Scientific Research (CNRS)
515,35,France,515,Université de Limoges
1370,35,France,1370,Universite de Versailles
1226,35,France,1226,Universite des Science & Technologie de Lille
388,35,France,388,Universite Paris 8
862,35,France,862,Université Paris VI Pierre et Marie Curie
392,35,France,392,Universite Paris-Sud 11
1409,35,France,1409,University of Pans
550,35,France,550,University of Toulouse
360,35,France,356,World Bank
1286,36,Germany,1286,Agricultural Institute for Climate Research
137,36,Germany,137,Alfred Wegener Institute for Polar and Marine Research
1279,36,Germany,1279,Bavarian Academy of Sciences
1253,36,Germany,1253,Bayreuth University
925,36,Germany,925,Biocarbon Consult
593,36,Germany,593,Centre for European Economic Research (ZEW)
1115,36,Germany,1115,Centre for Tropical Marine Ecology
372,36,Germany,372,"Climate Service Center, Hamburg"
1144,36,Germany,1144,Credit Suisse
1341,36,Germany,1341,Department of Land Evaluation Methods
694,36,Germany,694,Deutscher Wetterdienst
668,36,Germany,668,Deutsches Klimarechenzentrum
192,36,Germany,192,Deutsches Zentrum fur Luft und Raumfahrt
562,36,Germany,562,Ecofys
1302,36,Germany,1302,Federal Institute of Hydrology
1346,36,Germany,1346,Federal Ministry of Environment
1380,36,Germany,1380,Forschungszentrum Jülich
944,36,Germany,944,Fraunhofer Institute for Systems and Innovation Research
183,36,Germany,183,Freie Universität Berlin
1362,36,Germany,1362,GEOMAR
706,36,Germany,706,GKSS Research Centre
364,36,Germany,364,Global Climate Forum
285,36,Germany,285,Goethe University Frankfurt
457,36,Germany,457,Helmholtz Zentrum Geesthacht
1040,36,Germany,1040,Institut fuer Chemie und Dynamik der Geosphaere
1072,36,Germany,1072,Institut fuer Geophysik und Meteorologie
1023,36,Germany,1023,Institut fur Chemie der KFA Julich GmbH
1067,36,Germany,1067,Institut fur Klimafolgenforschung
1079,36,Germany,1079,Institut fur Meereskunde an der Universitat Kiel
743,36,Germany,743,Institut fur Meereskunde Zentrum fur Meeres und Klimaforschung
1415,36,Germany,1415,Institut fur Meteorologie und Geophysics
710,36,Germany,710,Institut fur Meteorologie und Klimaforschung Universitat Karlsruhe
1405,36,Germany,1405,Institut fur Physikahsche und Theoretisch Chemie
1227,36,Germany,1227,Institut fur Tropospharenforschung
618,36,Germany,618,Institut für Volkswirtschaftslehre/University Rostock
1021,36,Germany,1021,Institute for Baltic Sea Research
1066,36,Germany,1066,Institute for World Forestry and Ecology
1011,36,Germany,1011,Institute of Atmospheric Physics Germany
1166,36,Germany,1166,Institute of Energy Economics and the Rational Use of Energy
582,36,Germany,376,International Institute for Applied Systems Analysis (IIASA)
234,36,Germany,234,Justus-Liebig University Giessen
558,36,Germany,558,KFW German Development Bank
599,36,Germany,599,Kühne Logistics University
732,36,Germany,732,Leibniz Institute for MarineSciences
1047,36,Germany,1047,M&D Consulting
742,36,Germany,742,Max Planck Institute for Solar System Research
212,36,Germany,212,Max-Planck Institute for Biogeochemistry
1002,36,Germany,1002,Max-Planck Institute for Chemistry
169,36,Germany,169,Max-Planck Institute for Meteorology
522,36,Germany,522,Mercator Research Institute on Global Commons and ClimateChange (MCC)
1400,36,Germany,1400,Meteorologisches Institut
349,36,Germany,349,Munich Reinsurance Company
36,36,Germany,1,N/A
838,36,Germany,838,Nord-Sud Zentrum fur Entwicklungsforschung
804,36,Germany,331,Organization for Economic Cooperation and Development (OECD)
200,36,Germany,200,Potsdam Institute for Climate Impact Research
799,36,Germany,799,Technical University of Munich
305,36,Germany,305,United Nations University - Institute for Environment and Human Security
1191,36,Germany,1191,Universitaet Essen
1035,36,Germany,1035,Universitaet Wuerzburg
1056,36,Germany,1056,Universitat Bonn
1240,36,Germany,1240,Universitat Heidelberg
1005,36,Germany,1005,Universitat Kiel
1145,36,Germany,1145,University of Bayreuth
1020,36,Germany,1020,University of Bonn
143,36,Germany,143,University of Bremen
940,36,Germany,940,University of Flensburg
1297,36,Germany,1297,University of Freiburg
579,36,Germany,579,University of Göttingen
264,36,Germany,264,University of Hamburg
1173,36,Germany,1173,University of Heidelberg
764,36,Germany,764,University of Kassel
510,36,Germany,510,University of Leipzig
739,36,Germany,739,University of Mainz
1303,36,Germany,1303,University of Muenster
839,36,Germany,317,World Health Organization (WHO)
542,36,Germany,542,"Wuppertal Institute for Climate,Environment and Energy"
537,37,Ghana,537,Energy Commission
37,37,Ghana,1,N/A
347,37,Ghana,347,University of Ghana Medical School
1037,38,Greece,1037,Environmental Chemical Processes Laboratory
38,38,Greece,1,N/A
353,38,Greece,353,National Observatory of Athens
39,39,Guatemala,1,N/A
323,39,Guatemala,323,Universidad del Valle de Guatemala
40,40,Guinea,1,N/A
603,41,Hong Kong,603,City University
41,41,Hong Kong,1,N/A
1289,41,Hong Kong,1289,University of Hong Kong
611,42,Hungary,611,Budapest University of Technology and Economics
647,42,Hungary,647,Central European University
1356,42,Hungary,422,Consultant
161,42,Hungary,161,Eotvos Lorand University
470,42,Hungary,470,International Atomic Energy Agency (IAEA)
42,42,Hungary,1,N/A
852,42,Hungary,852,Szent István University
1354,42,Hungary,1354,Water Resource Research Center
890,43,Iceland,890,Marine Research Institute
43,43,Iceland,1,N/A
1230,43,Iceland,1230,Orkustofnun (National Energy Authority)
390,43,Iceland,390,Stefansson Arctic Institute
1295,43,Iceland,462,United Nations University
607,44,India,607,Ashoka Trust for Research in Ecology and the Environment (ATREE)
935,44,India,935,Asian Development Bank
1251,44,India,1251,Bhabha Atomic Research Centre
1300,44,India,1300,Central Arid Zone Research Institute
1237,44,India,1237,Centre for Atmospheric Sciences
203,44,India,203,Centre for Mathematical Modeling and Computer Simulation
534,44,India,534,Centre for Policy Research
1200,44,India,1200,Centre For Wind Energy Technology (C-WET)
829,44,India,829,CESDAC
524,44,India,524,Deloitte Touche Tohmatsu India Pvt. Ltd.
1184,44,India,1184,Development Alternatives
598,44,India,598,Energy & Resources Institute (TERI)
303,44,India,303,Energy and Resources Institute
844,44,India,844,ERM India Pvt
948,44,India,948,Global Change Programme Jadavpur University
929,44,India,929,Government of India
878,44,India,878,Halcrow Consulting India
415,44,India,415,HELVETAS Swiss Intercooperation
1312,44,India,332,Independent Consultant
769,44,India,769,India Meteorological Department
613,44,India,613,Indian Agricultural Research Institute
1266,44,India,1266,Indian Council of Agriculture Research
443,44,India,443,Indian Institute for Human Settlements
897,44,India,897,Indian Institute of Management
547,44,India,547,"Indian Institute of Management,Ahmedabad"
159,44,India,159,Indian Institute of Science
150,44,India,150,Indian Institute of Technology
432,44,India,432,Indian Institute of Technology Bombay
625,44,India,625,Indian Institute of Technology Delhi
134,44,India,134,Indian Institute of Tropical Meteorology
178,44,India,178,Indian Space Research Organisation
636,44,India,636,"Indian Statistical Institute,Delhi"
1157,44,India,1157,Indira Gandhi Institute of Development Research
334,44,India,334,Institute of Economic Growth
612,44,India,612,Integrated Research and Action for Development (IRADe)
1348,44,India,771,International Fertilizer Development Center (IFDC)
978,44,India,376,International Institute for Applied Systems Analysis (IIASA)
290,44,India,290,International Water Management Institute
623,44,India,623,Jadavpur University
762,44,India,762,Jawaharlal Nehru University
822,44,India,822,Maulana Azad National Institute of Technology
1165,44,India,1165,Ministry of Environment and Forests
44,44,India,1,N/A
900,44,India,900,National Institute of Advanced Studies
1337,44,India,1337,National Institute of Hydrology
272,44,India,272,National Institute of Oceanography
254,44,India,254,Physical Research Laboratory
977,44,India,977,Reliance Industries Ltd.
915,44,India,915,Tata Energy Research Institute (TERI)
386,44,India,386,University of Delhi
1085,44,India,1085,University of Kashmir
206,44,India,206,Wadia Institute of Himalayan Geology
152,45,Indonesia,152,"Agency for Meteorology,Climatology and Geophysics"
913,45,Indonesia,913,Bogor Agricultural University
1149,45,Indonesia,1149,BPPT
989,45,Indonesia,989,Ministry of Environment Indonesia
45,45,Indonesia,1,N/A
984,45,Indonesia,984,PT Ecosecurities
253,46,Iran,253,Iranian Meteorological Organization
568,46,Iran,568,Islamic Republic of Iran Meteorological Organization (IRIMO)
46,46,Iran,1,N/A
696,46,Iran,696,National Center for Climatology
884,47,Ireland,884,Economic and Social Research Institute
47,47,Ireland,1,N/A
881,47,Ireland,881,National University of Ireland
792,47,Ireland,792,University College Cork
968,47,Ireland,968,University College Dublin
870,48,Israel,870,Blaustein Institute for Desert Research
1257,48,Israel,1257,Interuniversity Institute for Marine Sciences
48,48,Israel,1,N/A
1204,48,Israel,1204,University of Haifa
354,49,Italy,354,Abdus Salam International Centre for Theoretical Physics
1291,49,Italy,1291,Dipartimento di Scienze della Terra
1075,49,Italy,1075,Enviroment Institute of European Commission
586,49,Italy,586,Euro Mediterranean Center on Climate Change (CMCC)
1243,49,Italy,1243,European Commission
679,49,Italy,679,European Commission Joint Research Centre
507,49,Italy,507,Fondazione Eni Enrico Mattei (FEEM)
644,49,Italy,644,Food and Agriculture Organization (FAO)
1260,49,Italy,1260,IMGA-CNR
193,49,Italy,193,Institute of Atmospheric Sciences and Climate
1385,49,Italy,1385,ISTAT
662,49,Italy,662,Italian National Agency for New Technologies Energy and the Environment (ENEA)
49,49,Italy,1,N/A
717,49,Italy,717,National Institute for Geophysics and Volcanology
692,49,Italy,692,National Research Council
1044,49,Italy,1044,Universite Degli Studi dellâ Aquila
1258,49,Italy,1258,University of Bologna
304,49,Italy,304,University of Florence
473,49,Italy,473,University of Tuscia and Euro-Mediterranean Center for Climate Change
1168,49,Italy,1168,University of Venice
1125,49,Italy,1125,WHO-European Centre for Environment and Health
837,49,Italy,356,World Bank
339,50,Jamaica,288,International Institute for Environment and Development (IIED)
50,50,Jamaica,1,N/A
675,50,Jamaica,289,University of the West Indies
1360,51,Japan,1360,Aichi University
604,51,Japan,604,Building Research Institute
639,51,Japan,639,Central Research Institute of Electric Power Industry
1324,51,Japan,1324,Environment Agency
964,51,Japan,964,Faculty of Law Sophia University
957,51,Japan,957,Forestry and Forest Products Research Institute
660,51,Japan,660,Frontier Research Center for Global Change
1206,51,Japan,1206,Global Industrial and Social Progress Research Institute (GISPRI)
597,51,Japan,597,"Graduate School of Environmental Studies,Tohoku University"
726,51,Japan,726,Hokkaido National Fisheries Research Institute
156,51,Japan,156,Hokkaido University
412,51,Japan,412,Ibaraki University
1345,51,Japan,1345,IEEJ
1420,51,Japan,1420,Institute of Geoscience
466,51,Japan,466,International Centre for Water Hazard and Risk Management
1403,51,Japan,1403,International Christian University
1194,51,Japan,1194,Japan Automobile Research Institute (JARI)
1029,51,Japan,1029,Japan Environment Agency
1174,51,Japan,1174,Japan Forest Technical Ass.
1052,51,Japan,1052,Japan Meteorological Agency
642,51,Japan,642,Japan Science and Technology Agency (JST)
751,51,Japan,751,Japanese Society of Snow and Ice
851,51,Japan,851,Keio University
565,51,Japan,565,Kogakuin University
1365,51,Japan,1365,Kwansei Gakuin University
464,51,Japan,464,Kyoto University
267,51,Japan,267,Kyushu University
225,51,Japan,225,Meteorological Research Institute
985,51,Japan,985,Ministry of Economy Trade and Industry
1304,51,Japan,1304,Ministry of Transport
51,51,Japan,1,N/A
282,51,Japan,282,Nagoya University
129,51,Japan,129,National Institute for Environmental Studies
1071,51,Japan,1071,National Institute for Resources and Environment
448,51,Japan,448,National Institute of Advanced Industrial Science and Technology
1193,51,Japan,1193,National Institute of Agro-Environmental Sciences
690,51,Japan,690,National Institute of Polar Research
1143,51,Japan,1143,National Institute of Public Health
1256,51,Japan,1256,National Research Institute for Earth Science & Disaster Prevention
969,51,Japan,969,Nippon Steel Corporation
1327,51,Japan,1327,Obirin University
982,51,Japan,982,Osaka University
938,51,Japan,938,Railway Technical Research Institute
1033,51,Japan,1033,Research Institute for Global Change
495,51,Japan,495,Research Institute of Innovative Technology for the Earth (RITE)
1196,51,Japan,1196,Science University of Tokyo
723,51,Japan,723,Secretariat of Council for Science and Technology Policy Cabinet Office
698,51,Japan,698,Tohoku Gakuin University
965,51,Japan,965,Tokyo Institute of Technology
1183,51,Japan,1183,Tokyo University of Agriculture & Technology
947,51,Japan,947,Toyota Central R&D Labs Inc
465,51,Japan,462,United Nations University
148,51,Japan,148,University of Tokyo
366,51,Japan,993,University of Tsukuba
1114,51,Japan,1114,Yamanashi Institute of Environmental Sciences
52,52,Kazakhstan,1,N/A
1137,52,Kazakhstan,875,UNFCCC Secretariat
646,53,Kenya,646,African Technology Policy Studies (ATPS) Network
901,53,Kenya,901,Climate Network Africa
724,53,Kenya,724,IGAD Climate Prediction and Application Centre
1325,53,Kenya,1325,KEFRI
1326,53,Kenya,1326,Kenya Marine and Fisheries Research Institute
805,53,Kenya,805,Kenya Medical Research Institute
659,53,Kenya,659,Kenya Meteorological Department
995,53,Kenya,995,Ministry of Research Technical Training and Technology
53,53,Kenya,1,N/A
378,53,Kenya,378,Strathmore University
996,53,Kenya,291,United Nations Environment Programme (UNEP)
427,53,Kenya,427,University of Nairobi
54,54,Kiribati,1,N/A
55,55,Kuwait,1,N/A
773,56,Laos,773,Mekong River Commission
56,56,Laos,1,N/A
949,57,Lithuania,949,Lithuanian Energy Institute
57,57,Lithuania,1,N/A
441,58,Madagascar,441,Madagascar National Weather Service
58,58,Madagascar,1,N/A
1285,59,Malawi,1285,Department of Forestry
59,59,Malawi,1,N/A
1201,60,Malaysia,1201,Forest Research Institute Malaysia (FRIM)
859,60,Malaysia,859,Global Environment Centre
1081,60,Malaysia,1081,Malaysian Meteorological Service
60,60,Malaysia,1,N/A
269,60,Malaysia,269,National University of Malaysia
590,60,Malaysia,590,Third World Network
1113,60,Malaysia,1113,Universiti Sains Malaysia
653,60,Malaysia,653,Universiti Teknologi MARA
287,61,Maldives,287,"Ministry of Housing,Environment and Energy"
61,61,Maldives,1,N/A
778,62,Malta,778,Foundation for International Studies
62,62,Malta,1,N/A
309,62,Malta,309,University of Malta
866,63,Mauritius,866,Consultant to Indian Ocean Commission
1140,63,Mauritius,1140,Mauritius Meteorological Services
63,63,Mauritius,1,N/A
567,64,Mexico,567,Autonomous University of Southern Baja California
402,64,Mexico,402,Centro de Investigaciones Biologicas del Noroeste
528,64,Mexico,528,Centro de Investigaciones Interdisciplinarias en Ciencias y Humanidades
296,64,Mexico,296,Centro Mario Molina
1142,64,Mexico,1142,Ciudad Universitaria
1100,64,Mexico,1100,College of Forest Resources
449,64,Mexico,449,El Colegio de la Frontera Norte
1267,64,Mexico,1267,Instituto de Geografia
930,64,Mexico,930,Mexican Petroleum Institute
64,64,Mexico,1,N/A
1116,64,Mexico,1116,National University
1126,64,Mexico,1126,North American Center for Environmental Information and Communication
1323,64,Mexico,1323,Pan American Health Organization
373,64,Mexico,373,"United Nations Educational,Scientific and Cultural Organization (UNESCO)"
514,64,Mexico,514,Universidad Autonoma de Baja California Sur
546,64,Mexico,546,Universidad Autonoma de Baja California Sur (UABCS)
236,64,Mexico,236,Universidad Nacional Autonoma de Mexico (UNAM)
332,65,Moldova,332,Independent Consultant
65,65,Moldova,1,N/A
786,65,Moldova,786,Regionica
727,66,Monaco,470,International Atomic Energy Agency (IAEA)
66,66,Monaco,1,N/A
865,68,Mongolia,865,Institute of Meteorology and Hydrology Mongolia
68,68,Mongolia,1,N/A
608,67,Montenegro,376,International Institute for Applied Systems Analysis (IIASA)
67,67,Montenegro,1,N/A
191,69,Morocco,191,Direction de la Meteorologie Nationale Maroc
379,69,Morocco,379,Ecole Nationale Forestiere d'Ingenieurs
363,69,Morocco,363,Institut National de Recherche Halieutique
765,69,Morocco,765,Ministry of Agriculture Rural Development and Fishing
69,69,Morocco,1,N/A
600,69,Morocco,600,Université Cadi Ayyad
572,69,Morocco,572,University Hassan II
808,70,Mozambique,808,Ministry of Health
70,70,Mozambique,1,N/A
1,1,N/A,1,N/A
71,71,Namibia,1,N/A
447,71,Namibia,447,University of Stellenbosch
879,72,Nepal,879,Government of Nepal
1283,72,Nepal,1283,ICIMOD
72,72,Nepal,1,N/A
1084,72,Nepal,1084,Water and Energy Commission Secretariat
966,107,Netherlands,966,ALTERRA Research Institute of the Green Environment
917,107,Netherlands,917,Brinkman Climate Change Consultancy
1189,107,Netherlands,1189,Centraal Planbureau (CPB)
814,107,Netherlands,814,Commission on Geomorphological Response to Environmental Change
887,107,Netherlands,887,Delft University of Technology
1211,107,Netherlands,1211,ECN Policy Studies
912,107,Netherlands,562,Ecofys
648,107,Netherlands,648,Energy research Centre of the Netherlands (ECN) / Columbia University
1110,107,Netherlands,1110,Greenpeace International
1074,107,Netherlands,1074,Institute for Marine and Atmospheric Research
821,107,Netherlands,821,International Secretariat for Dialogue on Water and Climate
1151,107,Netherlands,1151,Landbouw Universiteit Wageningen
1122,107,Netherlands,1122,Maastricht University
107,107,Netherlands,1,N/A
1091,107,Netherlands,1091,National Institute for Coastal and Marine Management
888,107,Netherlands,888,National Institute for Public Health and the Environment (RIVM)
530,107,Netherlands,530,Netherlands Environmental Assessment Agency
475,107,Netherlands,475,Red Cross / Red Crescent Climate Centre
226,107,Netherlands,226,Royal Netherlands Meteorological Institute (KNMI)
997,107,Netherlands,997,Stichting Natuur en Milieu
951,107,Netherlands,951,Technical University Eindhoven
549,107,Netherlands,549,Tilburg University
991,107,Netherlands,991,Treeness Consult
889,107,Netherlands,889,UNESCO
942,107,Netherlands,942,University of Groningen
1320,107,Netherlands,1320,University of Limburg
526,107,Netherlands,526,University of Nijmegen
1386,107,Netherlands,1386,University of Twente
273,107,Netherlands,273,University of Utrecht
302,107,Netherlands,302,"Vrije Universiteit,Amsterdam"
396,107,Netherlands,396,Wageningen University
789,107,Netherlands,789,WIJ Delft Hydraulics
420,73,New Zealand,420,AgResearch
825,73,New Zealand,825,Earthwise Consulting
927,73,New Zealand,927,Ford-Robertson Initiatives (FRI) Ltd
1245,73,New Zealand,1245,Hort Research
774,73,New Zealand,774,Landcare Research
1331,73,New Zealand,1331,MAF Fisheries
633,73,New Zealand,633,Massey University
1141,73,New Zealand,1141,Ministry for the Environment
569,73,New Zealand,569,Motu Economic and Public Policy Research
73,73,New Zealand,1,N/A
750,73,New Zealand,750,National Climate Center
307,73,New Zealand,307,National Institute of Water and Atmosphere
280,73,New Zealand,280,National Institute of Water and Atmospheric Research
442,73,New Zealand,442,New Zealand Agricultural Greenhouse Gas Research Centre
482,73,New Zealand,482,University of Auckland
350,73,New Zealand,350,University of Otago
316,73,New Zealand,316,University of Waikato
196,73,New Zealand,196,Victoria University of Wellington
1153,73,New Zealand,1153,Wellington School of Medicine
1412,74,Nigeria,1412,Ahmadu Bello University
899,74,Nigeria,899,Centre for Energy Research and Development
357,74,Nigeria,357,High Commission of Niger Valley Development
853,74,Nigeria,791,International Development Research Centre
74,74,Nigeria,1,N/A
758,74,Nigeria,758,Obafemi Awolowo University
1101,74,Nigeria,1101,Office of the Prime Minister
1411,74,Nigeria,1411,University of Ibadan
1275,74,Nigeria,1275,University of Lagos
936,74,Nigeria,936,University of Maiduguri
1128,74,Nigeria,1128,University of Nigeria
681,75,Norway,681,Bjerknes Centre for Climate Research
241,75,Norway,241,Center for International Climate and Environment (CICERO)
198,75,Norway,198,Center for International Climate and Environmental Research
584,75,Norway,584,Frischsenteret
341,75,Norway,341,Institute of Marine Research
987,75,Norway,987,Marintek
1155,75,Norway,1155,Ministry of Environment Norway
1188,75,Norway,1188,Ministry of Finance
75,75,Norway,1,N/A
682,75,Norway,682,Nansen Environmental and Remote Sensing Center
367,75,Norway,367,Nordland Research Institute
1205,75,Norway,1205,Norwegian Forest Research Institute
1070,75,Norway,1070,Norwegian Institute for Air Research
666,75,Norway,666,Norwegian Meteorological Institute
278,75,Norway,278,Norwegian Polar Institute
346,75,Norway,346,Norwegian University of Life Sciences
561,75,Norway,561,Norwegian University of Science & Technology
1344,75,Norway,1344,Norwegian Water Resources and Energy Administration
902,75,Norway,902,Statistics Norway
1250,75,Norway,1250,Telemark College of Engineering
1111,75,Norway,1111,Terrestrial Ecology Research Institute
133,75,Norway,133,University of Bergen
424,75,Norway,424,University of Oslo
511,75,Norway,511,Vista Analysis
637,75,Norway,637,World Wildlife Fund (WWF)
76,76,Oman,1,N/A
176,76,Oman,176,Sultan Qaboos University
945,76,Oman,945,University of Nizwa
371,78,Pakistan,371,Global Change Impact Studies Centre
78,78,Pakistan,1,N/A
1367,78,Pakistan,1367,Sustainable Development Policy Institute
79,79,Papua New Guinea,1,N/A
1167,80,Peru,1167,Comision Nac.de Cambio Clim.
931,80,Peru,422,Consultant
1199,80,Peru,1199,Group for the Analysis of Development (Grade)
80,80,Peru,1,N/A
1175,80,Peru,324,United Nations Development Programme (UNDP)
315,80,Peru,315,Universidad Nacional Mayor de San Marcos
1349,81,Philippines,1349,IRRI
437,81,Philippines,437,Manila Observatory
81,81,Philippines,1,N/A
863,81,Philippines,863,Philippine Atmospheric Geophysical and Astronomical Services Administration
389,81,Philippines,389,University of the Philippines Los Baños
1024,81,Philippines,1024,Weather Bureau
391,81,Philippines,391,World Agroforestry Center
1352,82,Poland,1352,Academy of Agriculture
886,82,Poland,886,Adam Mickiewicz University
1394,82,Poland,1394,Institute of Geography and Spatial Organization
1048,82,Poland,1048,Institute of Meteorology & Water Management
82,82,Poland,1,N/A
387,82,Poland,387,Polish Academy of Sciences
1296,82,Poland,1296,Research Institute of Forestry
656,82,Poland,656,University of Warsaw
768,83,Portugal,768,Environmental Change Institute
275,83,Portugal,275,Instituto de Meteorologia
83,83,Portugal,1,N/A
1099,83,Portugal,1099,Universidade Nova de Lisboa
450,83,Portugal,450,University of Lisbon
84,84,Puerto Rico,1,N/A
77,77,Qatar,1,N/A
85,85,Romania,1,N/A
165,85,Romania,165,National Institute of Meteorology and Hydrology (NIMH)
671,85,Romania,671,National Meteorological Administration
139,86,Russian Federation,139,A.M. Obukhov Institute of Atmospheric Physics
1146,86,Russian Federation,1146,All Russian Research Institute of Agricultural Meteorology
500,86,Russian Federation,500,Center for Energy Efficiency (CENEF)
1176,86,Russian Federation,1176,Center for Environmental Economics
1060,86,Russian Federation,1060,Chief Climatology Department
1220,86,Russian Federation,1220,Hydrometeorological Research Centre of Russian Federation
239,86,Russian Federation,239,Institute of Atmospheric Physics
1234,86,Russian Federation,1234,Institute of Experimental Meteorology
444,86,Russian Federation,444,Institute of Forecasting Russian Academy of Science
293,86,Russian Federation,293,Institute of Geography
622,86,Russian Federation,622,Institute of Global Climate and Ecology
680,86,Russian Federation,680,Institute of Numerical Mathematics
86,86,Russian Federation,1,N/A
205,86,Russian Federation,205,P.P. Shirshov Institute of Oceanography
1069,86,Russian Federation,1069,RIHMI-WDCB
981,86,Russian Federation,981,Russian Academy of Agricultural Sciences
1311,86,Russian Federation,1311,Russian Federal Research Institute of Fisheries and Oceanography
263,86,Russian Federation,263,Russian Federation Academy of Sciences
1235,86,Russian Federation,1235,Russian Federation Agricultural Academy
1042,86,Russian Federation,1042,St Petersburg University
294,86,Russian Federation,294,State Hydrological Institute
1162,86,Russian Federation,1162,Tsentr po Effektivnomu Ispolzovanlu Energii
222,86,Russian Federation,222,Voeikov Main Geophysical Observatory
87,87,Samoa,1,N/A
433,87,Samoa,433,Secretariat of the Pacific Regional Environment Programme
875,87,Samoa,875,UNFCCC Secretariat
831,87,Samoa,700,World Meteorological Organization (WMO)
1270,88,Saudi Arabia,1270,Imam Muhammed Ibn Saudi Islamic University
630,88,Saudi Arabia,630,King Abdulaziz City for Science and Technology
1268,88,Saudi Arabia,1268,King Abdulaziz University
1159,88,Saudi Arabia,1159,King Saud University
88,88,Saudi Arabia,1,N/A
903,88,Saudi Arabia,903,Saudi Aramco
1382,89,Senegal,1382,ENDA - TM Programme-Energie.
405,89,Senegal,405,Environment and Fisheries Department
791,89,Senegal,791,International Development Research Centre
471,89,Senegal,471,International Fund for Agricultural Development (IFAD)
693,89,Senegal,693,Laboratory of Atmospheric Physics
89,89,Senegal,1,N/A
261,89,Senegal,261,Service Météorologique
336,89,Senegal,336,University Cheikh Anta Diop of Dakar
860,90,Seychelles,860,Ministry of Industries and International Business
90,90,Seychelles,1,N/A
760,90,Seychelles,760,National Meteorological Service
91,91,Sierra Leone,1,N/A
920,91,Sierra Leone,920,University of Sierra Leone
481,92,Singapore,422,Consultant
92,92,Singapore,1,N/A
894,92,Singapore,894,National University of Singapore
93,93,Slovakia,1,N/A
1150,93,Slovakia,1150,Slovak Technical University
94,94,Slovenia,1,N/A
377,94,Slovenia,377,University of Ljubljana
560,95,South Africa,560,Centre for Environmental Economics and Policy in Africa (CEEPA)
454,95,South Africa,454,Council for Scientific and Industrial Research (CSIR)
1342,95,South Africa,1342,Department of Agriculture
992,95,South Africa,992,Eskom
446,95,South Africa,446,Ethekwini Municipality
381,95,South Africa,332,Independent Consultant
95,95,South Africa,1,N/A
840,95,South Africa,840,National Botanical Institute
327,95,South Africa,327,Rhodes University
1329,95,South Africa,1329,Roodeplaat Grasland Institute
411,95,South Africa,411,South African National Biodiversity Institute
426,95,South Africa,426,South African National Space Agency (SANSA) South Africa
262,95,South Africa,262,South African Weather Service
467,95,South Africa,467,United Nations University's World Institute for Development Economics Research
149,95,South Africa,149,University of Cape Town
872,95,South Africa,872,University of KwaZulu-Natal
478,95,South Africa,478,University of the Witwatersrand
577,96,South Korea,577,Ajou University
1374,96,South Korea,1374,Construction and Economy Research Institute of Korea
954,96,South Korea,954,Council on Energy and Environment Korea
375,96,South Korea,375,Jeju National University
588,96,South Korea,588,Keimyung University
1185,96,South Korea,1185,Korea Energy Economics Institute
578,96,South Korea,578,Korea Environment Institute
712,96,South Korea,712,"Meteorological Research Institute (METRI),Korean Meteorological Administration"
96,96,South Korea,1,N/A
229,96,South Korea,229,National Institute of Meteorological Research
708,96,South Korea,708,Seoul National University
155,96,South Korea,155,Yonsei University
408,97,Spain,408,Basque Centre for Climate Change
189,97,Spain,189,Catalan Institute of Climate Sciences
1335,97,Spain,1335,Estacion Experimental de Zonas Aridas
983,97,Spain,983,Fundación CEAM
1061,97,Spain,1061,Fundacion para la Investigacion del Clima
1373,97,Spain,1373,Institute for Prospective Technologies
615,97,Spain,615,Institute for Research in Technology
97,97,Spain,1,N/A
370,97,Spain,370,Polytechnic University of Madrid
301,97,Spain,301,Spanish Council for Scientific Research
202,97,Spain,202,Universidad Complutense de Madrid
403,97,Spain,403,Universidad de Cantabria
474,97,Spain,474,University of Barcelona
184,97,Spain,184,University of Castilla - La Mancha
658,97,Spain,658,University of Las Palmas de Gran Canaria
513,97,Spain,513,University of Lleida
445,97,Spain,445,University of Vic
585,97,Spain,585,University of Vigo
1012,97,Spain,1012,University Rovira I Virgili
288,98,Sri Lanka,288,International Institute for Environment and Development (IIED)
963,98,Sri Lanka,963,Munasinghe Institute for Development
98,98,Sri Lanka,1,N/A
1197,98,Sri Lanka,1197,University of Colombo
891,98,Sri Lanka,891,University of Sri Jayew Ardenepura
1377,98,Sri Lanka,356,World Bank
429,99,Sudan,429,African Development Bank
1388,99,Sudan,1388,Forest National Corporation
857,99,Sudan,857,High Council for Environment and Natural Resources (HCENR)
99,99,Sudan,1,N/A
641,99,Sudan,641,Private Sector Consultant
487,99,Sudan,487,University of Khartoum
100,100,Swaziland,1,N/A
1086,101,Sweden,1086,Chalmers University of Technology
1130,101,Sweden,1130,Department of Water and Environmental Studies
1017,101,Sweden,1017,Gateborg University
400,101,Sweden,400,Karolinska Institutet
425,101,Sweden,425,Lund University
101,101,Sweden,1,N/A
1007,101,Sweden,867,Retired
782,101,Sweden,782,Royal Swedish Academy of Sciences
384,101,Sweden,384,Stockholm Environment Institute
701,101,Sweden,701,Stockholm University
260,101,Sweden,260,Swedish Meteorological and Hydrological Institute
1217,101,Sweden,1217,Swedish University of Agricultural Sciences
452,101,Sweden,452,Umea University
1308,101,Sweden,324,United Nations Development Programme (UNDP)
1315,101,Sweden,1315,University of Agricultural Sciences
177,101,Sweden,177,University of Gothenburg
1062,101,Sweden,1062,University of Stockholm
806,102,Switzerland,806,Conservatoire et Jardin botaniques de Genève
162,102,Switzerland,162,Eawag
136,102,Switzerland,136,ETH Zurich
689,102,Switzerland,689,Federal Office of Meteorology and Climatology Meteo-Swiss
1310,102,Switzerland,1310,Geobotanik
1055,102,Switzerland,1055,Geographisches Institut ETH
893,102,Switzerland,893,Graduate Institute of International Studies
1065,102,Switzerland,1065,Institut fur Klimaforschung ETH
621,102,Switzerland,621,Intercooperation
1170,102,Switzerland,1170,IPCC
102,102,Switzerland,1,N/A
1371,102,Switzerland,1371,Paul Scherrer Institute
1273,102,Switzerland,1273,ProClim
1306,102,Switzerland,1306,Swiss Federal Institute for Forest Snow and Landscape Research
725,102,Switzerland,725,Swiss Federal Institute of Technology
812,102,Switzerland,812,Swiss Tropical Institute
827,102,Switzerland,827,University of Basel
126,102,Switzerland,126,University of Bern
753,102,Switzerland,753,University of Geneva
438,102,Switzerland,438,University of Neuchatel
246,102,Switzerland,246,University of Zurich
1172,102,Switzerland,1172,World Business Council for Sustainable Development
1292,102,Switzerland,1292,World Conservation Union
1351,102,Switzerland,317,World Health Organization (WHO)
700,102,Switzerland,700,World Meteorological Organization (WMO)
1259,103,Taiwan,1259,Central Weather Bureau
103,103,Taiwan,1,N/A
383,104,Tanzania,383,Ardhi University
1198,104,Tanzania,1198,"Center for Energy,Environment,Science and Technology"
1410,104,Tanzania,1410,Directorate of Meteorology
1343,104,Tanzania,1343,Ministry of Water Energy and Minerals
104,104,Tanzania,1,N/A
362,104,Tanzania,362,Sokoine University of Agriculture
416,104,Tanzania,416,University of Dar-es-Salaam
531,105,Thailand,531,Asian Institute of Technology
545,105,Thailand,545,King Mongkut's University of Technology
105,105,Thailand,1,N/A
670,105,Thailand,670,Ramkhamhaeng University
1333,105,Thailand,1333,Thailand Environment Institute
704,106,The Gambia,704,Department of Water Resources
337,106,The Gambia,332,Independent Consultant
106,106,The Gambia,1,N/A
108,108,Togo,1,N/A
1057,109,Trinidad and Tobago,1057,Environment Management Authority
109,109,Trinidad and Tobago,1,N/A
867,109,Trinidad and Tobago,867,Retired
289,109,Trinidad and Tobago,289,University of the West Indies
292,110,Tunisia,292,"Ministry of Agriculture,Water Resources and Fisheries"
110,110,Tunisia,1,N/A
988,110,Tunisia,988,Sahara and Sahel Observatory (OSS) Tunis
898,111,Turkey,470,International Atomic Energy Agency (IAEA)
876,111,Turkey,876,Istanbul Technical University
111,111,Turkey,1,N/A
112,112,Turkmenistan,1,N/A
1309,112,Turkmenistan,1309,National Institute of Deserts
595,115,Uganda,595,Makerere University
115,115,Uganda,1,N/A
116,116,Ukraine,1,N/A
439,116,Ukraine,439,National Academy of Sciences
529,116,Ukraine,529,"United Nations Environment Programme (UNEP,Nairobi)"
828,116,Ukraine,828,University of Ukraine
1080,117,United Kingdom,1080,Bidston Observatory
146,117,United Kingdom,146,British Antarctic Survey
707,117,United Kingdom,707,British Atmospheric Data Centre
1097,117,United Kingdom,1097,British Trust for Ornithology
933,117,United Kingdom,933,Carbon Trust
699,117,United Kingdom,699,Cardiff University
880,117,United Kingdom,880,Catholic Agency for Overseas Development
864,117,United Kingdom,864,Centre for Ecology and Hydrology at Wallingford
490,117,United Kingdom,490,"Centre for Energy,Environment and Sustainability / Univesity of Sheffield"
1379,117,United Kingdom,1379,Centre for Social and Economic Research on the Global Environment (CSERGE)
1123,117,United Kingdom,1123,Climate Change Research Initiative
795,117,United Kingdom,422,Consultant
1281,117,United Kingdom,1281,Cranfield University
967,117,United Kingdom,967,Department for Business Enterprise and Regulatory Reform (BERR)
1316,117,United Kingdom,1316,DRA
756,117,United Kingdom,756,Environment Agency of England and Wales
868,117,United Kingdom,868,Environment Agency of Thames
702,117,United Kingdom,702,Environmental Systems Science Centre
1340,117,United Kingdom,1340,ETSU
801,117,United Kingdom,801,European Bank for Reconstruction and Development (EBRD)
245,117,United Kingdom,245,European Centre for Medium-Range Weather Forecasts (ECMWF)
1028,117,United Kingdom,1028,European Ozone Research Coordinating Unit
1290,117,United Kingdom,1290,Fire and Life Assurance Corp.
1387,117,United Kingdom,1387,Foundation for International Environmental Law and Development
1390,117,United Kingdom,1390,Global Atmosphere Division
1182,117,United Kingdom,1182,Global Energy & Environmental Consultants
932,117,United Kingdom,932,Golder Associates (UK) Ltd.
1399,117,United Kingdom,1399,Harwell Laboratory
1389,117,United Kingdom,1389,Hatherly Laboratories
855,117,United Kingdom,855,Heriot-Watt University
697,117,United Kingdom,697,Imperial College London
1280,117,United Kingdom,1280,Institute of Arable Crops Research
1402,117,United Kingdom,1402,Institute of Freshwater Ecology
1416,117,United Kingdom,1416,Institute of Hydrology
1225,117,United Kingdom,1225,Institute of Oceanographic Sciences
1041,117,United Kingdom,1041,Institute of Terrestrial Ecology
1160,117,United Kingdom,911,International Energy Agency
451,117,United Kingdom,288,International Institute for Environment and Development (IIED)
1425,117,United Kingdom,1170,IPCC
1133,117,United Kingdom,1133,Jackson Environment Institute
1224,117,United Kingdom,1224,James Rennell Centre (NERC)
434,117,United Kingdom,434,King's College London
1161,117,United Kingdom,1161,London Business School
1109,117,United Kingdom,1109,London Medical School
358,117,United Kingdom,358,London School of Hygiene and Tropical Medicine
779,117,United Kingdom,779,Loughborough University
232,117,United Kingdom,232,Manchester Metropolitan University
182,117,United Kingdom,182,Met Office
1127,117,United Kingdom,1127,Middlesex University
1338,117,United Kingdom,1338,Ministry of Agriculture Fisheries and Food
117,117,United Kingdom,1,N/A
740,117,United Kingdom,740,National Centre for Atmospheric Science
1419,117,United Kingdom,1419,National Environment Research Council
219,117,United Kingdom,219,National Oceanography Centre
780,117,United Kingdom,780,Newcastle University
683,117,United Kingdom,683,Open University
1089,117,United Kingdom,1089,Overseas Development Institute
1192,117,United Kingdom,1192,Oxford Centre for the Environment Ethics & Society (OCEES)
892,117,United Kingdom,892,Paul Watkiss Associates
217,117,United Kingdom,217,Permanent Service for Mean Sea Level (PSMSL)
1169,117,United Kingdom,1169,Personal
472,117,United Kingdom,472,Plymouth Marine Laboratory
279,117,United Kingdom,279,Proudman Oceanographic Laboratory
1265,117,United Kingdom,1265,Royal Institute of International Affairs
1001,117,United Kingdom,1001,Rutherford Appleton Laboratory
469,117,United Kingdom,469,School of Geography & Environment University of Southampton
1076,117,United Kingdom,1076,Scott Polar Research Institute
575,117,United Kingdom,575,Senior Energy & Climate Change Expert
798,117,United Kingdom,798,Sir Alister Hardy Foundation for Ocean Science
1014,117,United Kingdom,1014,Southampton Oceanography Centre
1392,117,United Kingdom,1392,St David's University College
1271,117,United Kingdom,1271,St. George's Medical School
240,117,United Kingdom,240,Swansea University
634,117,United Kingdom,634,UK Energy Research Centre (UKERC)
638,117,United Kingdom,638,University College London
635,117,United Kingdom,635,University of Aberdeen
541,117,United Kingdom,541,University of Bath
1003,117,United Kingdom,1003,University of Bradford
160,117,United Kingdom,160,University of Bristol
276,117,United Kingdom,276,University of Cambridge
1078,117,United Kingdom,1078,University of Derby
1264,117,United Kingdom,1264,University of Durham
231,117,United Kingdom,231,University of East Anglia
1299,117,United Kingdom,1299,University of East London
211,117,United Kingdom,211,University of Edinburgh
1407,117,United Kingdom,1407,University of Essex
131,117,United Kingdom,131,University of Exeter
413,117,United Kingdom,413,University of Greenwich
130,117,United Kingdom,130,University of Leeds
1328,117,United Kingdom,1328,University of Leicester
952,117,United Kingdom,952,University of Liverpool
1210,117,United Kingdom,1210,University of London
721,117,United Kingdom,721,University of Manchester
1231,117,United Kingdom,1231,University of Manchester Institute of Science and Technology (UMIST)
1093,117,United Kingdom,1093,University of Newcastle upon Tyne
1339,117,United Kingdom,1339,University of Nottingham
153,117,United Kingdom,153,University of Oxford
204,117,United Kingdom,204,University of Reading
266,117,United Kingdom,266,University of Rowan
1262,117,United Kingdom,1262,University of Sheffield
421,117,United Kingdom,421,University of Southampton
566,117,United Kingdom,566,University of Strathclyde
519,117,United Kingdom,519,University of Surrey
468,117,United Kingdom,468,University of Sussex
1136,117,United Kingdom,1136,University of Wales Swansea
498,117,United Kingdom,498,University of York / Stockholm Environment Institute (SEI)
1364,117,United Kingdom,1364,World Energy Council
317,117,United Kingdom,317,World Health Organization (WHO)
1418,117,United Kingdom,1418,York University United Kingdom
956,118,Uruguay,956,Carbosur
970,118,Uruguay,970,Ministry of Livestock Agriculture and Fisheries
118,118,Uruguay,1,N/A
846,118,Uruguay,846,Universidad de la República
1330,113,USA,1330,ABT Associates Inc.
1019,113,USA,1019,Aerospace Engineering
1138,113,USA,1138,Agricultural Research Service
937,113,USA,937,Alliance to Save Energy
1139,113,USA,1139,American Bird Conservancy
1372,113,USA,1372,American Council for an Energy Efficient Economy
1026,113,USA,1026,American Meteorological Society
975,113,USA,975,Argonne National Laboratory
784,113,USA,784,Arizona State University
1034,113,USA,1034,Atmospheric & Environmental Research Inc.
854,113,USA,854,Bard College
1284,113,USA,1284,Battelle Institute
242,113,USA,242,Boston University
809,113,USA,809,Bowdoin College
1179,113,USA,1179,Brandeis University
737,113,USA,737,Brookhaven National Laboratory
1261,113,USA,1261,Brown University
543,113,USA,543,California Clean Energy Fund Innovations (CalCEF)
1000,113,USA,1000,California Institute of Technology
348,113,USA,348,California State University
922,113,USA,922,CalRecovery Inc.
667,113,USA,667,Carnegie Institute of Washington
1038,113,USA,1038,Carnegie Mellon University
624,113,USA,624,Center for Integrative Environmental Research
1032,113,USA,1032,Center for Ocean-Land-Atmosphere Studies
404,113,USA,404,Centers for Disease Control and Prevention
1177,113,USA,1177,Centre for Business and the Environment
460,113,USA,460,City University of New York
1406,113,USA,1406,Clarkson University
270,113,USA,270,"Climate Central,Inc."
716,113,USA,716,Climate Institute
1178,113,USA,1178,Climate Technology Initiative
685,113,USA,685,Colby College
749,113,USA,749,College of Wooster
691,113,USA,691,Colorado School of Mines
255,113,USA,255,Colorado State University
361,113,USA,361,Columbia Business School
185,113,USA,185,Columbia University
243,113,USA,243,Cooperative Institute for Research in Environmental Sciences (CIRES)
1347,113,USA,1347,Cooperative Institute for Research in the Integrated Ocean Sciences
235,113,USA,235,Cornell University
1383,113,USA,1383,Council of Economic Advisors
1208,113,USA,1208,Council on Foreign Relations
1022,113,USA,1022,Creighton University
394,113,USA,394,Dickinson College
1248,113,USA,1248,Dow Chemical Co.
652,113,USA,652,Duke University
958,113,USA,958,DuPont Fluoroproducts
746,113,USA,746,EG&G Technical Services Inc.
505,113,USA,505,Electric Power Research Institute (EPRI)
458,113,USA,458,Environmental Defense Fund
797,113,USA,797,Exponent
380,113,USA,380,Exxon Mobil Corporation
1322,113,USA,1322,Florida Institute of Technology
1247,113,USA,1247,Florida State University
224,113,USA,224,George Mason University
502,113,USA,502,George Washington University
508,113,USA,508,Georgetown University
509,113,USA,509,Georgia Institute of Technology
340,113,USA,340,Global Climate Adaptation Partnership
1369,113,USA,1369,Global Environment Facility
1298,113,USA,1110,Greenpeace International
816,113,USA,816,H. John Heinz III Center for Science Economics and the Environment
1063,113,USA,1063,Hampton University
1105,113,USA,1105,Harvard Medical School
215,113,USA,215,Harvard University
744,113,USA,744,Harvard-Smithsonian Center for Astrophysics
960,113,USA,960,HELIO International
686,113,USA,686,Heliophysics Inc.
1222,113,USA,1222,Howard University
688,113,USA,688,Hunter College
1202,113,USA,1202,ICF Consulting
1376,113,USA,1376,IDEA Inc.
711,113,USA,711,Illinois State Water Survey
823,113,USA,332,Independent Consultant
1218,113,USA,1218,Indiana University
419,113,USA,419,Industrial Economics Inc
1124,113,USA,1124,INSTAAR
1054,113,USA,1054,Institute for Computational Earth System Science
1368,113,USA,1368,Institute for International Economics
1108,113,USA,1108,Institute of Ecosystem Studies
1408,113,USA,1408,Institute of Tropical Forestry
418,113,USA,418,Instituto de Pesquisa Ambiental da Amazonia (IPAM)
916,113,USA,911,International Energy Agency
771,113,USA,771,International Fertilizer Development Center (IFDC)
1334,113,USA,1334,International Institute for Energy Conservation
1164,113,USA,1164,International Petroleum Industry Environmental Conservation Association (IPIECA)
1375,113,USA,1375,International Project for Sustainable Energy Paths
431,113,USA,431,International START Secretariat
207,113,USA,207,Iowa State University
1134,113,USA,1134,Johns Hopkins School of Public Health
619,113,USA,619,Kansas State University
909,113,USA,909,L. S. Bernstein & Associates L.L.C.
914,113,USA,914,Landfills + Inc
181,113,USA,181,Lawrence Berkeley National Laboratory
201,113,USA,201,Lawrence Livermore National Laboratory
736,113,USA,736,Lehigh University
703,113,USA,703,Los Alamos National Laboratory
729,113,USA,729,Loyola Marymount University
1039,113,USA,1039,Marine Biological Laboratory
320,113,USA,320,Massachusetts Institute of Technology
1004,113,USA,1004,Mathsoft Data Analysis Products Division
1216,113,USA,1216,Merrill Lynch Derivative Products
767,113,USA,767,Montana State University
308,113,USA,308,Monterey Bay Aquarium Research Institute
113,113,USA,1,N/A
124,113,USA,124,National Aeronautics and Space Administration (NASA)
166,113,USA,166,National Center for Atmospheric Research (NCAR)
950,113,USA,950,National Commission on Energy Policy
959,113,USA,959,National Council for Air and Stream Improvement
775,113,USA,775,National Environmental Trust
299,113,USA,299,National Institute of Environmental Health Sciences
1092,113,USA,1092,National Marine Fisheries Service
188,113,USA,188,National Oceanographic and Atmospheric Administration (NOAA)
297,113,USA,297,National Renewable Energy Laboratory (NREL)
687,113,USA,687,National Snow and Ice Data Center
1214,113,USA,1214,National Weather Service
939,113,USA,939,Natural Resources Defence Council (NRDC)
1254,113,USA,1254,Naval Postgraduate School
715,113,USA,715,Naval Research Laboratory
1049,113,USA,1049,New Mexico Institute of Mining and Technology
1404,113,USA,1404,New York University
754,113,USA,754,North Carolina State University
1015,113,USA,1015,Northern Illinois University
1313,113,USA,1313,Northern Prairie Science Center
664,113,USA,664,Northwest Research Associates
271,113,USA,271,Oak Ridge National Laboratory
1090,113,USA,1090,Office of Science and Technology Policy (OSTP)
1083,113,USA,1083,Office of the US Global Change Research Program
168,113,USA,168,Ohio State University
1228,113,USA,1228,Old Dominion University
180,113,USA,180,Oregon State University
256,113,USA,256,Pacific Northwest National Laboratory
195,113,USA,195,Pennsylvania State University
871,113,USA,871,Portland State University
428,113,USA,428,Princeton University
1013,113,USA,1013,Program in Atmospheric and Oceanic Sciences
695,113,USA,695,Purdue University
1006,113,USA,1006,Quaternary Research
397,113,USA,397,RAND Corporation
722,113,USA,722,Remote Sensing Systems
921,113,USA,921,Research Triangle Institute (RTI) International
873,113,USA,873,Resources for the Future
845,113,USA,845,Risk Management Solutions
258,113,USA,258,Rutgers University
1129,113,USA,1129,San Diego State University
268,113,USA,268,Scripps Institute of Oceanography
1229,113,USA,1229,Skidaway Institution of Oceanography
1318,113,USA,1318,Social Science Research Council
1156,113,USA,1156,Southern Company Services
819,113,USA,819,Southern Oregon University
848,113,USA,848,Southwest Watershed Research Center
338,113,USA,338,Stanford University
1219,113,USA,1219,State University of New York
747,113,USA,747,State University of New York Albany
674,113,USA,674,State University of New York Stony Brook
573,113,USA,573,Stockholm Environment Institute Boston
459,113,USA,459,Stratus Consulting Inc.
976,113,USA,976,Syracuse University
1384,113,USA,1384,Teisberg Associates
1163,113,USA,1163,Tellus Institute
409,113,USA,409,Texas A&M University
962,113,USA,962,Tufts University
632,113,USA,632,Tulane University
1357,113,USA,1357,U.S. Army Corps of Engineers
1148,113,USA,1148,U.S. Army Institute for Water Resources
849,113,USA,849,U.S. Department of Agriculture
227,113,USA,227,U.S. Department of Energy
1424,113,USA,1422,U.S. Department of State
905,113,USA,905,U.S. Environmental Protection Agency (EPA)
1294,113,USA,1294,U.S. Forest Service
312,113,USA,312,U.S. Geological Survey
990,113,USA,875,UNFCCC Secretariat
843,113,USA,843,Union of Concerned Scientists
617,113,USA,291,United Nations Environment Programme (UNEP)
462,113,USA,462,United Nations University
669,113,USA,669,Univerity of California Merced
1103,113,USA,1103,University Corporation for Atmospheric Research (UCAR)
382,113,USA,382,University New Hampshire
677,113,USA,677,University of Alabama Huntsville
755,113,USA,755,University of Alaska
430,113,USA,430,University of Arizona
1068,113,USA,1068,University of Arkansas
544,113,USA,544,University of California
298,113,USA,298,University of California Berkeley
251,113,USA,251,University of California Irvine
209,113,USA,209,University of California Los Angeles
259,113,USA,259,University of California San Diego
640,113,USA,640,University of California Santa Barbara
752,113,USA,752,University of California Santa Cruz
661,113,USA,661,University of Chicago
248,113,USA,248,University of Colorado
850,113,USA,850,University of Delaware
738,113,USA,738,University of Georgia
237,113,USA,237,University of Hawaii
1016,113,USA,1016,University of Illinois at Urbana-Champaign
684,113,USA,684,University of Kansas
414,113,USA,414,University of Maryland
1009,113,USA,1009,University of Massachusetts
135,113,USA,135,University of Miami
247,113,USA,247,University of Michigan
718,113,USA,718,University of Minnesota
678,113,USA,678,University of Missouri-St. Louis
841,113,USA,841,University of Montana
835,113,USA,835,University of Nebraska
1050,113,USA,1050,University of New Hampshire
208,113,USA,208,University of New Mexico
1417,113,USA,1417,University of New York
826,113,USA,826,University of North Dakota
333,113,USA,333,University of Ohio
1238,113,USA,1238,University of Oklahoma
1215,113,USA,1215,University of Oregon
583,113,USA,583,University of Pennsylvania
321,113,USA,321,University of South Carolina
175,113,USA,175,University of South Florida
504,113,USA,504,University of Southern California
1244,113,USA,1244,University of Technology
1132,113,USA,1132,University of Texas
252,113,USA,252,University of Texas-Austin
199,113,USA,199,University of Virginia
132,113,USA,132,University of Washington
731,113,USA,731,University of Wisconsin
627,113,USA,627,University of Wisconsin-Madison
1073,113,USA,1073,University of Wyoming
616,113,USA,616,US Green Building Council
1233,113,USA,1233,W/NMC2
486,113,USA,486,Wesleyan University
1361,113,USA,1361,Wilfrid Laurier University
1094,113,USA,1094,Winrock International
461,113,USA,461,Woods Hole Oceanographic Institution
1031,113,USA,1031,Woods Hole Research Center
1077,113,USA,356,World Bank
589,113,USA,589,World Resources Institute
1319,113,USA,1319,WWF
629,113,USA,629,Yale University
1401,114,USSR,239,Institute of Atmospheric Physics
1396,114,USSR,1396,Main Geophysical Observatory
114,114,USSR,1,N/A
1423,114,USSR,1311,Russian Federal Research Institute of Fisheries and Oceanography
1422,114,USSR,263,Russian Federation Academy of Sciences
1395,114,USSR,294,State Hydrological Institute
1131,119,Uzbekistan,1131,KazNIIMOSK
119,119,Uzbekistan,1,N/A
1252,120,Venezuela,1252,Instituto Venezolano de Investigaciones Cientificas
120,120,Venezuela,1,N/A
1332,120,Venezuela,875,UNFCCC Secretariat
1059,120,Venezuela,1059,Universidad Central Venezuela
477,120,Venezuela,477,Universidad Simon Bolivar
1272,120,Venezuela,1272,University of Merida
810,121,Vietnam,810,Centre for Environment Research Education and Development
343,121,Vietnam,343,Hanoi University of Science
832,121,Vietnam,832,Institute of Meteorology and Hydrology Vietnam
121,121,Vietnam,1,N/A
518,122,Zambia,518,Africa Carbon Credit Exchange
122,122,Zambia,1,N/A
605,122,Zambia,605,National Institute for Scientific and Industrial Research
210,122,Zambia,210,University of Zambia
220,122,Zambia,220,Zambia Meteorological Department
123,123,Zimbabwe,1,N/A
1190,123,Zimbabwe,1190,Southern Center for Energy and Environment
324,123,Zimbabwe,324,United Nations Development Programme (UNDP)
517,123,Zimbabwe,517,University of Zimbabwe
1053,123,Zimbabwe,1053,Zimbabwe Drought Monitoring Centre
1363,123,Zimbabwe,1363,Zimbabwe Meteorological Services
